SecStruct,Chain,Sequence
L,A,I
L,A,T
L,A,N
L,A,C
L,A,K
L,A,N
L,A,T
L,A,H
L,A,L
E,A,S
H,A,T
L,A,K
H,A,L
E,A,L
L,A,A
L,A,V
L,A,D
L,A,Y
L,A,P
H,A,V
H,A,D
H,A,F
H,A,I
H,A,K
H,A,S
L,A,I
E,A,S
L,A,C
L,A,Q
L,A,I
L,A,C
L,A,E
E,A,H
E,A,I
L,A,L
L,A,A
L,A,D
E,A,P
E,A,V
E,A,E
L,A,T
L,A,T
L,A,C
L,A,R
L,A,H
E,A,L
E,A,F
E,A,C
H,A,R
H,A,T
H,A,C
H,A,I
H,A,L
H,A,K
H,A,C
H,A,I
H,A,K
H,A,V
H,A,M
L,A,G
L,A,S
E,A,Y
L,A,C
L,A,P
L,A,S
L,A,C
L,A,W
L,A,Y
E,A,P
L,A,C
L,A,F
L,A,P
L,A,T
L,A,D
L,A,L
E,A,V
L,A,T
L,A,P
L,A,V
H,A,R
H,A,S
H,A,F
H,A,L
H,A,N
H,A,I
H,A,L
H,A,D
H,A,S
L,A,L
E,A,S
E,A,I
E,A,R
L,A,C
L,A,P
L,A,V
L,A,K
L,A,E
L,A,C
L,A,D
L,A,E
E,A,E
E,A,I
E,A,L
H,A,H
H,A,G
H,A,K
H,A,Y
H,A,G
H,A,Q
H,A,H
H,A,L
H,A,S
H,A,S
H,A,H
L,A,K
L,A,E
L,A,M
L,A,K
L,A,D
L,A,R
L,A,E
L,A,L
L,A,Y
L,A,S
L,A,H
L,A,I
L,A,N
L,A,K
L,A,G
L,A,G
L,A,R
L,A,P
L,A,R
L,A,Q
L,A,H
H,A,L
L,A,L
H,A,S
L,A,L
L,A,T
H,A,R
H,A,R
H,A,A
H,A,Q
H,A,K
H,A,H
H,A,R
L,A,L
H,A,R
H,A,E
H,A,L
H,A,K
H,A,C
H,A,Q
H,A,V
H,A,K
H,A,A
H,A,F
H,A,A
H,A,E
H,A,K
H,A,E
L,A,E
L,A,G
L,A,G
L,A,D
H,A,I
H,A,K
H,A,A
H,A,V
H,A,C
H,A,M
H,A,T
H,A,L
H,A,F
H,A,L
H,A,L
H,A,A
H,A,L
H,A,R
H,A,A
L,A,K
L,A,N
L,A,E
H,A,H
H,A,K
H,A,Q
H,A,A
H,A,D
H,A,E
H,A,L
H,A,E
H,A,A
H,A,I
H,A,M
L,A,Q
L,A,G
L,A,R
L,A,G
L,A,S
L,A,G
L,A,L
L,A,H
H,A,P
H,A,A
H,A,V
H,A,C
H,A,L
H,A,A
H,A,I
H,A,R
H,A,V
H,A,N
L,A,T
L,A,F
L,A,L
L,A,S
H,A,C
H,A,S
H,A,Q
H,A,Y
H,A,H
H,A,K
H,A,M
H,A,Y
H,A,R
H,A,T
H,A,V
H,A,K
H,A,A
H,A,V
H,A,S
L,A,G
L,A,R
L,A,Q
L,A,I
L,A,F
L,A,Q
L,A,P
H,A,L
H,A,H
H,A,A
H,A,L
H,A,R
H,A,T
H,A,A
H,A,E
H,A,K
L,A,A
H,A,L
L,A,L
L,A,P
L,A,G
L,A,Y
L,A,H
L,A,P
L,A,F
E,A,E
E,A,W
E,A,K
L,A,P
L,A,P
L,A,L
L,A,K
L,A,S
L,A,V
L,A,S
L,A,A
L,A,N
L,A,T
L,A,E
L,A,V
L,A,G
E,A,I
E,A,I
E,A,D
L,A,G
L,A,L
L,A,S
L,A,G
L,A,L
L,A,P
L,A,L
L,A,S
L,A,I
L,A,D
L,A,D
L,A,Y
L,A,P
L,A,V
L,A,D
L,A,T
L,A,I
E,A,A
E,A,K
E,A,R
E,A,F
L,A,R
H,A,Y
H,A,D
H,A,T
H,A,A
H,A,L
H,A,V
H,A,S
H,A,A
H,A,L
H,A,K
H,A,D
L,A,M
H,A,E
H,A,E
H,A,E
H,A,I
H,A,L
H,A,E
H,A,G
H,A,M
H,A,K
H,A,A
L,A,K
L,A,N
L,A,L
L,A,D
L,A,D
L,A,Y
L,A,L
L,A,S
L,A,G
L,A,P
E,A,F
E,A,T
E,A,V
E,A,V
E,A,V
E,A,K
E,A,E
E,A,S
E,A,C
E,A,D
E,A,G
E,A,M
L,A,G
L,A,D
L,A,V
L,A,S
L,A,E
L,A,K
L,A,H
L,A,G
L,A,N
L,A,G
L,A,P
L,A,A
L,A,V
L,A,P
L,A,E
L,A,K
E,A,A
E,A,V
E,A,R
E,A,F
E,A,S
E,A,F
E,A,T
E,A,V
E,A,M
E,A,N
E,A,I
E,A,S
E,A,I
E,A,A
E,A,H
L,A,G
L,A,N
E,A,E
E,A,K
E,A,V
E,A,R
E,A,I
E,A,F
E,A,E
L,A,E
L,A,V
L,A,K
L,A,P
L,A,N
L,A,S
L,A,E
L,A,L
L,A,C
L,A,C
E,A,K
E,A,P
E,A,L
E,A,C
E,A,L
E,A,M
L,A,L
L,A,A
L,A,D
L,A,E
L,A,S
L,A,D
H,A,H
H,A,E
H,A,T
H,A,L
H,A,T
H,A,A
H,A,I
H,A,L
H,A,S
H,A,P
H,A,L
H,A,I
H,A,A
H,A,E
H,A,R
H,A,E
H,A,A
H,A,M
H,A,K
L,A,D
L,A,S
E,A,E
E,A,L
E,A,L
E,A,L
E,A,E
E,A,M
L,A,G
L,A,G
E,A,I
E,A,L
E,A,R
E,A,T
E,A,F
E,A,K
E,A,F
E,A,I
E,A,F
E,A,R
E,A,G
E,A,T
E,A,G
E,A,Y
L,A,D
H,A,E
H,A,K
H,A,L
H,A,V
H,A,R
H,A,E
H,A,V
L,A,E
L,A,G
E,A,L
L,A,E
L,A,A
L,A,S
L,A,G
L,A,S
L,A,T
E,A,Y
L,A,I
L,A,C
L,A,T
L,A,L
L,A,C
L,A,D
L,A,A
E,A,T
H,A,R
H,A,L
H,A,E
H,A,A
H,A,S
H,A,Q
L,A,N
L,A,L
L,A,V
L,A,F
L,A,H
L,A,S
L,A,I
L,A,T
L,A,R
L,A,S
H,A,H
H,A,A
H,A,E
H,A,N
H,A,L
H,A,E
H,A,R
H,A,Y
H,A,E
H,A,I
H,A,W
H,A,R
H,A,S
L,A,N
L,A,P
L,A,Y
L,A,H
L,A,E
L,A,S
H,A,V
H,A,D
H,A,E
H,A,L
H,A,R
H,A,D
H,A,R
L,A,V
L,A,K
L,A,G
E,A,V
L,A,S
L,A,A
L,A,K
L,A,P
L,A,F
L,A,I
L,A,E
L,A,T
L,A,V
L,A,P
L,A,S
L,A,I
L,A,D
H,A,A
H,A,L
H,A,H
H,A,C
H,A,D
H,A,I
H,A,G
H,A,N
H,A,A
H,A,T
H,A,E
H,A,F
H,A,Y
H,A,R
H,A,I
H,A,F
H,A,Q
H,A,M
H,A,E
H,A,I
L,A,G
L,A,E
L,A,V
L,A,Y
L,A,K
L,A,N
L,A,P
L,A,D
L,A,V
L,A,S
H,A,K
H,A,E
H,A,E
H,A,R
H,A,K
H,A,R
H,A,W
H,A,Q
H,A,L
H,A,T
H,A,L
H,A,D
H,A,K
H,A,H
H,A,L
H,A,R
H,A,K
H,A,K
L,A,M
L,A,N
L,A,L
L,A,K
L,A,P
L,A,M
L,A,M
L,A,R
L,A,M
L,A,S
H,A,G
H,A,N
H,A,F
H,A,A
H,A,R
H,A,K
H,A,L
L,A,M
L,A,S
H,A,K
H,A,E
H,A,T
H,A,V
H,A,E
H,A,A
H,A,V
H,A,C
L,A,E
H,A,L
L,A,I
L,A,K
L,A,C
H,A,E
H,A,E
H,A,R
H,A,H
H,A,E
H,A,A
H,A,L
H,A,K
H,A,E
H,A,L
H,A,M
H,A,D
H,A,L
H,A,Y
H,A,L
H,A,K
H,A,M
H,A,K
H,A,P
H,A,V
H,A,W
H,A,R
L,A,S
L,A,S
L,A,C
H,A,P
H,A,A
H,A,K
H,A,E
L,A,C
H,A,P
H,A,E
H,A,L
H,A,L
H,A,C
L,A,Q
H,A,Y
H,A,S
H,A,Y
H,A,N
H,A,S
H,A,Q
H,A,R
H,A,F
H,A,A
H,A,E
H,A,L
H,A,L
H,A,S
H,A,T
L,A,K
L,A,F
H,A,K
H,A,Y
H,A,R
H,A,Y
L,A,E
L,A,G
L,A,K
L,A,I
L,A,T
H,A,N
H,A,Y
H,A,F
H,A,H
H,A,K
H,A,T
H,A,L
H,A,A
L,A,H
H,A,V
H,A,P
H,A,E
H,A,I
H,A,I
H,A,E
H,A,R
H,A,D
L,A,G
L,A,S
L,A,I
H,A,G
L,A,A
H,A,W
L,A,A
L,A,S
H,A,E
H,A,G
H,A,N
H,A,E
H,A,S
H,A,G
H,A,N
H,A,K
H,A,L
H,A,F
H,A,R
H,A,R
H,A,F
H,A,R
H,A,K
H,A,M
L,A,N
L,A,A
L,A,R
L,A,Q
L,A,S
H,A,K
H,A,F
H,A,Y
H,A,E
H,A,M
H,A,E
H,A,D
H,A,V
H,A,L
H,A,K
H,A,H
H,A,H
H,A,W
H,A,L
H,A,Y
L,A,T
L,A,S
H,A,K
H,A,Y
H,A,L
H,A,Q
H,A,K
H,A,F
H,A,M
L,A,N
H,A,A
L,A,H
H,A,K
L,A,T
L,A,L
L,B,I
L,B,T
L,B,N
L,B,C
L,B,K
L,B,N
L,B,T
L,B,H
L,B,L
E,B,S
H,B,T
L,B,K
H,B,L
E,B,L
L,B,A
L,B,V
L,B,D
L,B,Y
L,B,P
H,B,V
H,B,D
H,B,F
H,B,I
H,B,K
H,B,S
L,B,I
E,B,S
L,B,C
L,B,Q
L,B,I
L,B,C
L,B,E
E,B,H
E,B,I
L,B,L
L,B,A
L,B,D
E,B,P
E,B,V
E,B,E
L,B,T
L,B,T
L,B,C
L,B,R
L,B,H
E,B,L
E,B,F
E,B,C
H,B,R
H,B,T
H,B,C
H,B,I
H,B,L
H,B,K
H,B,C
H,B,I
H,B,K
H,B,V
H,B,M
L,B,G
L,B,S
E,B,Y
L,B,C
L,B,P
L,B,S
L,B,C
L,B,W
L,B,Y
E,B,P
L,B,C
L,B,F
H,B,P
L,B,T
H,B,D
L,B,L
E,B,V
L,B,T
L,B,P
L,B,V
H,B,R
H,B,S
H,B,F
H,B,L
H,B,N
H,B,I
H,B,L
H,B,D
H,B,S
L,B,L
E,B,S
E,B,I
E,B,R
L,B,C
L,B,P
L,B,V
L,B,K
L,B,E
L,B,C
L,B,D
L,B,E
E,B,E
E,B,I
E,B,L
H,B,H
L,B,G
L,B,K
H,B,Y
H,B,G
H,B,Q
H,B,H
H,B,L
H,B,S
H,B,S
H,B,H
L,B,K
L,B,E
L,B,M
L,B,K
L,B,D
L,B,R
L,B,E
L,B,L
L,B,Y
L,B,S
L,B,H
L,B,I
L,B,N
L,B,K
L,B,G
L,B,G
L,B,R
L,B,P
L,B,R
L,B,Q
L,B,H
H,B,L
L,B,L
H,B,S
L,B,L
L,B,T
H,B,R
H,B,R
H,B,A
H,B,Q
H,B,K
H,B,H
H,B,R
L,B,L
H,B,R
H,B,E
H,B,L
H,B,K
H,B,C
H,B,Q
H,B,V
H,B,K
H,B,A
H,B,F
H,B,A
H,B,E
H,B,K
H,B,E
L,B,E
L,B,G
L,B,G
L,B,D
H,B,I
H,B,K
H,B,A
H,B,V
H,B,C
H,B,M
H,B,T
H,B,L
H,B,F
H,B,L
H,B,L
H,B,A
H,B,L
H,B,R
H,B,A
L,B,K
L,B,N
L,B,E
H,B,H
H,B,K
H,B,Q
H,B,A
H,B,D
H,B,E
H,B,L
H,B,E
H,B,A
H,B,I
H,B,M
L,B,Q
L,B,G
L,B,R
L,B,G
L,B,S
L,B,G
L,B,L
L,B,H
H,B,P
H,B,A
H,B,V
H,B,C
H,B,L
H,B,A
H,B,I
H,B,R
H,B,V
H,B,N
L,B,T
L,B,F
L,B,L
L,B,S
H,B,C
H,B,S
H,B,Q
H,B,Y
H,B,H
H,B,K
H,B,M
H,B,Y
H,B,R
H,B,T
H,B,V
H,B,K
H,B,A
H,B,V
H,B,S
L,B,G
L,B,R
L,B,Q
L,B,I
L,B,F
L,B,Q
L,B,P
H,B,L
H,B,H
H,B,A
H,B,L
H,B,R
H,B,T
H,B,A
H,B,E
H,B,K
L,B,A
L,B,L
L,B,L
L,B,P
L,B,G
L,B,Y
L,B,H
L,B,P
L,B,F
E,B,E
E,B,W
E,B,K
L,B,P
L,B,P
L,B,L
L,B,K
L,B,S
L,B,V
L,B,S
L,B,A
L,B,N
L,B,T
L,B,E
L,B,V
L,B,G
E,B,I
E,B,I
E,B,D
L,B,G
L,B,L
L,B,S
L,B,G
L,B,L
L,B,P
L,B,L
L,B,S
L,B,I
L,B,D
L,B,D
L,B,Y
L,B,P
L,B,V
L,B,D
L,B,T
L,B,I
E,B,A
E,B,K
E,B,R
E,B,F
L,B,R
H,B,Y
H,B,D
H,B,T
H,B,A
H,B,L
H,B,V
H,B,S
H,B,A
H,B,L
H,B,K
H,B,D
L,B,M
H,B,E
H,B,E
H,B,E
H,B,I
H,B,L
H,B,E
H,B,G
H,B,M
H,B,K
H,B,A
L,B,K
L,B,N
L,B,L
L,B,D
L,B,D
L,B,Y
L,B,L
L,B,S
L,B,G
L,B,P
E,B,F
E,B,T
E,B,V
E,B,V
E,B,V
E,B,K
E,B,E
E,B,S
E,B,C
E,B,D
E,B,G
E,B,M
L,B,G
L,B,D
L,B,V
L,B,S
L,B,E
L,B,K
L,B,H
L,B,G
L,B,N
L,B,G
L,B,P
L,B,A
L,B,V
L,B,P
L,B,E
L,B,K
E,B,A
E,B,V
E,B,R
E,B,F
E,B,S
E,B,F
E,B,T
E,B,V
E,B,M
E,B,N
E,B,I
E,B,S
E,B,I
E,B,A
E,B,H
L,B,G
L,B,N
E,B,E
E,B,K
E,B,V
E,B,R
E,B,I
E,B,F
E,B,E
L,B,E
L,B,V
L,B,K
L,B,P
L,B,N
L,B,S
L,B,E
L,B,L
L,B,C
L,B,C
E,B,K
E,B,P
E,B,L
E,B,C
E,B,L
E,B,M
L,B,L
L,B,A
L,B,D
L,B,E
L,B,S
L,B,D
H,B,H
H,B,E
H,B,T
H,B,L
H,B,T
H,B,A
H,B,I
H,B,L
H,B,S
H,B,P
H,B,L
H,B,I
H,B,A
H,B,E
H,B,R
H,B,E
H,B,A
H,B,M
H,B,K
L,B,D
L,B,S
E,B,E
E,B,L
E,B,L
E,B,L
E,B,E
E,B,M
L,B,G
L,B,G
E,B,I
E,B,L
E,B,R
E,B,T
E,B,F
E,B,K
E,B,F
E,B,I
E,B,F
E,B,R
E,B,G
E,B,T
E,B,G
E,B,Y
L,B,D
H,B,E
H,B,K
H,B,L
H,B,V
H,B,R
H,B,E
H,B,V
L,B,E
L,B,G
E,B,L
L,B,E
L,B,A
L,B,S
L,B,G
L,B,S
L,B,T
E,B,Y
L,B,I
L,B,C
L,B,T
L,B,L
L,B,C
L,B,D
L,B,A
E,B,T
H,B,R
H,B,L
H,B,E
H,B,A
H,B,S
H,B,Q
L,B,N
L,B,L
L,B,V
L,B,F
L,B,H
L,B,S
L,B,I
L,B,T
L,B,R
L,B,S
H,B,H
H,B,A
H,B,E
H,B,N
H,B,L
H,B,E
H,B,R
H,B,Y
H,B,E
H,B,I
H,B,W
H,B,R
H,B,S
L,B,N
L,B,P
L,B,Y
L,B,H
L,B,E
L,B,S
H,B,V
H,B,D
H,B,E
H,B,L
H,B,R
H,B,D
H,B,R
L,B,V
L,B,K
L,B,G
E,B,V
L,B,S
L,B,A
L,B,K
L,B,P
L,B,F
L,B,I
L,B,E
L,B,T
L,B,V
L,B,P
L,B,S
L,B,I
L,B,D
H,B,A
H,B,L
H,B,H
H,B,C
H,B,D
H,B,I
H,B,G
H,B,N
H,B,A
H,B,T
H,B,E
H,B,F
H,B,Y
H,B,R
H,B,I
H,B,F
H,B,Q
H,B,M
H,B,E
H,B,I
L,B,G
L,B,E
L,B,V
L,B,Y
L,B,K
L,B,N
L,B,P
L,B,D
L,B,V
L,B,S
H,B,K
H,B,E
H,B,E
H,B,R
H,B,K
H,B,R
H,B,W
H,B,Q
H,B,L
H,B,T
H,B,L
H,B,D
H,B,K
H,B,H
H,B,L
H,B,R
H,B,K
H,B,K
L,B,M
L,B,N
L,B,L
L,B,K
L,B,P
L,B,M
L,B,M
L,B,R
L,B,M
L,B,S
H,B,G
H,B,N
H,B,F
H,B,A
H,B,R
H,B,K
H,B,L
L,B,M
L,B,S
H,B,K
H,B,E
H,B,T
H,B,V
H,B,E
H,B,A
H,B,V
H,B,C
L,B,E
H,B,L
L,B,I
L,B,K
L,B,C
H,B,E
H,B,E
H,B,R
H,B,H
H,B,E
H,B,A
H,B,L
H,B,K
H,B,E
H,B,L
H,B,M
H,B,D
H,B,L
H,B,Y
H,B,L
H,B,K
H,B,M
H,B,K
H,B,P
H,B,V
H,B,W
H,B,R
L,B,S
L,B,S
L,B,C
H,B,P
H,B,A
H,B,K
H,B,E
L,B,C
H,B,P
H,B,E
H,B,L
H,B,L
H,B,C
L,B,Q
H,B,Y
H,B,S
H,B,Y
H,B,N
H,B,S
H,B,Q
H,B,R
H,B,F
H,B,A
H,B,E
H,B,L
H,B,L
H,B,S
H,B,T
L,B,K
L,B,F
H,B,K
H,B,Y
H,B,R
H,B,Y
L,B,E
L,B,G
L,B,K
L,B,I
L,B,T
H,B,N
H,B,Y
H,B,F
H,B,H
H,B,K
H,B,T
H,B,L
H,B,A
L,B,H
H,B,V
H,B,P
H,B,E
H,B,I
H,B,I
H,B,E
H,B,R
H,B,D
L,B,G
L,B,S
L,B,I
H,B,G
L,B,A
H,B,W
L,B,A
L,B,S
H,B,E
H,B,G
H,B,N
H,B,E
H,B,S
H,B,G
H,B,N
H,B,K
H,B,L
H,B,F
H,B,R
H,B,R
H,B,F
H,B,R
H,B,K
H,B,M
L,B,N
L,B,A
L,B,R
L,B,Q
L,B,S
H,B,K
H,B,F
H,B,Y
H,B,E
H,B,M
H,B,E
H,B,D
H,B,V
H,B,L
H,B,K
H,B,H
H,B,H
H,B,W
H,B,L
H,B,Y
L,B,T
L,B,S
H,B,K
H,B,Y
H,B,L
H,B,Q
H,B,K
H,B,F
H,B,M
L,B,N
H,B,A
L,B,H
H,B,K
L,B,T
L,B,L
L,C,M
E,C,S
E,C,L
E,C,Q
E,C,M
E,C,V
E,C,S
E,C,A
L,C,V
L,C,S
L,C,N
H,C,S
L,C,S
H,C,L
L,C,L
L,C,Q
L,C,P
L,C,G
L,C,C
E,C,S
E,C,L
E,C,L
E,C,N
E,C,F
L,C,D
L,C,G
E,C,H
E,C,V
E,C,F
E,C,F
E,C,F
L,C,G
L,C,Q
L,C,K
L,C,G
L,C,W
L,C,P
L,C,K
L,C,R
L,C,S
L,C,C
L,C,P
L,C,T
L,C,G
L,C,V
E,C,F
E,C,F
E,C,L
E,C,D
E,C,I
E,C,K
L,C,H
L,C,N
E,C,E
E,C,L
E,C,K
E,C,M
E,C,K
E,C,P
L,C,V
E,C,F
E,C,F
L,C,S
L,C,K
L,C,D
L,C,S
L,C,C
L,C,Y
L,C,L
L,C,P
L,C,P
L,C,L
E,C,R
L,C,Y
L,C,P
E,C,A
E,C,I
E,C,C
E,C,T
E,C,F
E,C,R
L,C,G
L,C,N
L,C,E
L,C,E
L,C,S
L,C,D
L,C,K
E,C,H
E,C,Q
E,C,Y
E,C,I
E,C,I
E,C,H
L,C,G
L,C,G
E,C,K
L,C,T
L,C,P
L,C,N
L,C,N
L,C,D
E,C,L
L,C,S
L,C,D
L,C,K
E,C,I
E,C,Y
E,C,I
E,C,M
E,C,S
E,C,L
E,C,V
E,C,S
E,C,K
L,C,T
L,C,S
L,C,K
L,C,K
E,C,T
E,C,T
E,C,F
E,C,Q
E,C,C
E,C,V
E,C,E
E,C,K
L,C,D
L,C,L
E,C,G
E,C,G
L,C,D
L,C,V
L,C,P
L,C,E
L,C,A
L,C,R
E,C,Y
L,C,G
L,C,H
E,C,T
E,C,I
E,C,N
E,C,V
E,C,V
E,C,H
E,C,S
L,C,R
L,C,G
E,C,K
E,C,S
E,C,M
E,C,S
E,C,V
E,C,I
E,C,F
L,C,G
L,C,G
E,C,R
E,C,S
E,C,Y
L,C,I
L,C,P
L,C,L
L,C,A
L,C,Q
L,C,R
L,C,T
H,C,T
L,C,E
H,C,K
L,C,W
L,C,N
L,C,S
E,C,V
E,C,V
E,C,D
L,C,C
L,C,L
L,C,P
E,C,S
E,C,V
E,C,F
E,C,L
E,C,V
E,C,D
L,C,F
L,C,E
L,C,F
L,C,G
E,C,C
E,C,C
E,C,T
E,C,S
E,C,Y
E,C,I
L,C,L
L,C,P
L,C,E
L,C,L
L,C,Q
L,C,D
L,C,G
L,C,L
E,C,S
L,C,F
L,C,H
E,C,V
E,C,S
E,C,V
E,C,A
E,C,R
L,C,N
L,C,D
E,C,T
E,C,I
E,C,Y
E,C,I
E,C,L
L,C,G
L,C,G
E,C,H
E,C,S
L,C,L
L,C,Q
L,C,N
L,C,N
E,C,T
L,C,R
L,C,S
L,C,P
L,C,S
E,C,L
E,C,Y
E,C,K
E,C,L
E,C,K
E,C,V
E,C,D
L,C,L
L,C,P
L,C,L
L,C,G
L,C,S
L,C,P
E,C,A
E,C,L
E,C,T
E,C,C
E,C,S
E,C,V
E,C,L
L,C,P
L,C,G
L,C,G
L,C,I
L,C,S
L,C,V
E,C,S
L,C,S
L,C,A
E,C,I
E,C,V
E,C,T
E,C,Q
L,C,T
L,C,S
L,C,D
L,C,T
E,C,E
E,C,F
E,C,V
E,C,L
E,C,V
L,C,G
L,C,G
E,C,Y
E,C,Q
E,C,S
L,C,D
L,C,S
E,C,Q
E,C,K
L,C,R
L,C,L
L,C,V
E,C,C
E,C,N
E,C,T
E,C,I
E,C,V
E,C,L
E,C,E
L,C,D
L,C,D
E,C,K
E,C,I
E,C,E
E,C,I
E,C,V
E,C,E
E,C,R
L,C,A
L,C,S
L,C,P
L,C,D
L,C,W
L,C,T
H,C,P
H,C,D
H,C,I
H,C,K
H,C,H
L,C,C
L,C,R
L,C,M
L,C,W
E,C,F
E,C,G
E,C,C
E,C,D
L,C,M
L,C,G
L,C,K
L,C,G
E,C,S
E,C,V
E,C,L
E,C,L
E,C,G
E,C,I
E,C,P
L,C,G
L,C,A
L,C,N
L,C,K
L,C,Q
L,C,L
L,C,I
L,C,S
L,C,D
L,C,A
E,C,N
E,C,Y
E,C,F
E,C,Y
E,C,I
E,C,L
E,C,R
L,C,C
L,C,K
L,C,G
L,C,A
L,C,E
H,C,E
L,C,D
H,C,E
L,C,E
H,C,E
L,C,E
H,C,L
L,C,T
H,C,A
L,C,Q
L,C,I
L,C,C
L,C,S
L,C,Q
L,C,A
L,C,S
L,C,T
L,C,E
L,C,D
L,C,Q
L,C,G
L,C,D
L,C,S
L,C,T
L,C,P
L,C,F
L,C,E
L,C,D
L,C,S
L,C,E
L,C,E
L,C,F
L,C,C
L,C,F
L,C,S
L,C,A
L,C,E
L,C,A
L,C,S
L,C,S
L,C,F
L,C,D
L,C,V
L,C,D
L,C,D
L,C,I
L,C,D
L,C,T
L,C,Y
L,C,N
L,C,E
L,C,D
L,C,D
L,C,E
L,C,E
L,C,D
L,C,E
L,C,S
L,C,E
L,C,T
L,C,G
L,C,Y
L,C,W
L,C,I
L,C,T
L,C,C
L,C,C
L,C,A
L,C,S
L,C,C
L,C,N
L,C,I
L,C,D
L,C,I
L,C,N
L,C,T
L,C,W
L,C,V
L,C,P
L,C,F
L,C,Y
L,C,S
L,C,T
L,C,E
L,C,L
L,C,N
L,C,K
L,C,P
L,C,A
E,C,M
E,C,I
E,C,L
E,C,C
L,C,S
L,C,H
L,C,G
L,C,A
L,C,G
E,C,H
E,C,W
E,C,V
E,C,H
L,C,A
L,C,Q
L,C,C
L,C,M
L,C,D
L,C,L
L,C,S
H,C,E
H,C,S
H,C,M
H,C,L
H,C,L
H,C,H
H,C,L
H,C,S
H,C,E
L,C,A
L,C,N
L,C,I
L,C,K
L,C,Y
L,C,F
L,C,C
L,C,N
L,C,E
L,C,H
L,C,V
L,C,D
L,C,L
L,C,N
L,C,K
L,C,G
L,C,L
L,C,Q
L,C,T
L,C,P
L,C,K
L,C,K
L,C,A
L,C,M
L,C,H
L,C,L
L,C,K
L,C,K
L,C,Q
L,C,P
L,C,M
L,C,K
L,C,P
L,C,L
L,C,R
L,C,K
L,C,K
L,C,K
L,C,T
L,C,M
L,C,N
L,C,L
L,C,T
L,C,T
L,C,P
H,C,V
H,C,K
H,C,K
H,C,S
H,C,F
H,C,L
H,C,R
H,C,R
H,C,L
H,C,F
L,C,E
L,D,M
E,D,S
E,D,L
E,D,Q
E,D,M
E,D,V
E,D,S
E,D,A
L,D,V
L,D,S
L,D,N
H,D,S
L,D,S
H,D,L
L,D,L
L,D,Q
L,D,P
L,D,G
L,D,C
E,D,S
E,D,L
E,D,L
E,D,N
E,D,F
L,D,D
L,D,G
E,D,H
E,D,V
E,D,F
E,D,F
E,D,F
L,D,G
L,D,Q
L,D,K
L,D,G
L,D,W
L,D,P
L,D,K
L,D,R
L,D,S
L,D,C
L,D,P
L,D,T
L,D,G
L,D,V
E,D,F
E,D,F
E,D,L
E,D,D
E,D,I
E,D,K
L,D,H
L,D,N
E,D,E
E,D,L
E,D,K
E,D,M
E,D,K
E,D,P
L,D,V
E,D,F
E,D,F
L,D,S
L,D,K
L,D,D
L,D,S
L,D,C
L,D,Y
L,D,L
L,D,P
L,D,P
L,D,L
E,D,R
L,D,Y
L,D,P
E,D,A
E,D,I
E,D,C
E,D,T
E,D,F
E,D,R
L,D,G
L,D,N
L,D,E
L,D,E
L,D,S
L,D,D
L,D,K
E,D,H
E,D,Q
E,D,Y
E,D,I
E,D,I
E,D,H
L,D,G
L,D,G
E,D,K
L,D,T
L,D,P
L,D,N
L,D,N
L,D,D
E,D,L
L,D,S
L,D,D
L,D,K
E,D,I
E,D,Y
E,D,I
E,D,M
E,D,S
E,D,L
E,D,V
E,D,S
E,D,K
L,D,T
L,D,S
L,D,K
L,D,K
E,D,T
E,D,T
E,D,F
E,D,Q
E,D,C
E,D,V
E,D,E
E,D,K
L,D,D
L,D,L
E,D,G
E,D,G
L,D,D
L,D,V
L,D,P
L,D,E
L,D,A
L,D,R
E,D,Y
L,D,G
L,D,H
E,D,T
E,D,I
E,D,N
E,D,V
E,D,V
E,D,H
E,D,S
L,D,R
L,D,G
E,D,K
E,D,S
E,D,M
E,D,S
E,D,V
E,D,I
E,D,F
L,D,G
L,D,G
E,D,R
E,D,S
E,D,Y
L,D,I
L,D,P
L,D,L
L,D,A
L,D,Q
L,D,R
L,D,T
H,D,T
L,D,E
H,D,K
L,D,W
L,D,N
L,D,S
E,D,V
E,D,V
E,D,D
L,D,C
L,D,L
L,D,P
E,D,S
E,D,V
E,D,F
E,D,L
E,D,V
E,D,D
L,D,F
L,D,E
L,D,F
L,D,G
E,D,C
E,D,C
E,D,T
E,D,S
E,D,Y
E,D,I
L,D,L
L,D,P
L,D,E
L,D,L
L,D,Q
L,D,D
L,D,G
L,D,L
E,D,S
L,D,F
L,D,H
E,D,V
E,D,S
E,D,V
E,D,A
E,D,R
L,D,N
L,D,D
E,D,T
E,D,I
E,D,Y
E,D,I
E,D,L
L,D,G
L,D,G
E,D,H
E,D,S
L,D,L
L,D,Q
L,D,N
L,D,N
E,D,T
L,D,R
L,D,S
L,D,P
L,D,S
E,D,L
E,D,Y
E,D,K
E,D,L
E,D,K
E,D,V
E,D,D
L,D,L
L,D,P
L,D,L
L,D,G
L,D,S
L,D,P
E,D,A
E,D,L
E,D,T
E,D,C
E,D,S
E,D,V
E,D,L
L,D,P
L,D,G
L,D,G
L,D,I
L,D,S
L,D,V
E,D,S
L,D,S
L,D,A
E,D,I
E,D,V
E,D,T
E,D,Q
L,D,T
L,D,S
L,D,D
L,D,T
E,D,E
E,D,F
E,D,V
E,D,L
E,D,V
L,D,G
L,D,G
E,D,Y
E,D,Q
E,D,S
L,D,D
L,D,S
E,D,Q
E,D,K
L,D,R
L,D,L
L,D,V
E,D,C
E,D,N
E,D,T
E,D,I
E,D,V
E,D,L
E,D,E
L,D,D
L,D,D
E,D,K
E,D,I
E,D,E
E,D,I
E,D,V
E,D,E
E,D,R
L,D,A
L,D,S
L,D,P
L,D,D
L,D,W
L,D,T
H,D,P
H,D,D
H,D,I
H,D,K
H,D,H
L,D,C
L,D,R
L,D,M
L,D,W
E,D,F
E,D,G
E,D,C
E,D,D
L,D,M
L,D,G
L,D,K
L,D,G
E,D,S
E,D,V
E,D,L
E,D,L
E,D,G
E,D,I
E,D,P
L,D,G
L,D,A
L,D,N
L,D,K
L,D,Q
L,D,L
L,D,I
L,D,S
L,D,D
L,D,A
E,D,N
E,D,Y
E,D,F
E,D,Y
E,D,I
E,D,L
E,D,R
L,D,C
L,D,K
L,D,G
L,D,A
L,D,E
H,D,E
L,D,D
H,D,E
L,D,E
H,D,E
L,D,E
H,D,L
L,D,T
H,D,A
L,D,Q
L,D,I
L,D,C
L,D,S
L,D,Q
L,D,A
L,D,S
L,D,T
L,D,E
L,D,D
L,D,Q
L,D,G
L,D,D
L,D,S
L,D,T
L,D,P
L,D,F
L,D,E
L,D,D
L,D,S
L,D,E
L,D,E
L,D,F
L,D,C
L,D,F
L,D,S
L,D,A
L,D,E
L,D,A
L,D,S
L,D,S
L,D,F
L,D,D
L,D,V
L,D,D
L,D,D
L,D,I
L,D,D
L,D,T
L,D,Y
L,D,N
L,D,E
L,D,D
L,D,D
L,D,E
L,D,E
L,D,D
L,D,E
L,D,S
L,D,E
L,D,T
L,D,G
L,D,Y
L,D,W
L,D,I
L,D,T
L,D,C
L,D,C
L,D,A
L,D,S
L,D,C
L,D,N
L,D,I
L,D,D
L,D,I
L,D,N
L,D,T
L,D,W
L,D,V
L,D,P
L,D,F
L,D,Y
L,D,S
L,D,T
L,D,E
L,D,L
L,D,N
L,D,K
L,D,P
L,D,A
E,D,M
E,D,I
E,D,L
E,D,C
L,D,S
L,D,H
L,D,G
L,D,A
L,D,G
E,D,H
E,D,W
E,D,V
E,D,H
L,D,A
L,D,Q
L,D,C
L,D,M
L,D,D
L,D,L
L,D,S
H,D,E
H,D,S
H,D,M
H,D,L
H,D,L
H,D,H
H,D,L
H,D,S
H,D,E
L,D,A
L,D,N
L,D,I
L,D,K
L,D,Y
L,D,F
L,D,C
L,D,N
L,D,E
L,D,H
L,D,V
L,D,D
L,D,L
L,D,N
L,D,K
L,D,G
L,D,L
L,D,Q
L,D,T
L,D,P
L,D,K
L,D,K
L,D,A
L,D,M
L,D,H
L,D,L
L,D,K
L,D,K
L,D,Q
L,D,P
L,D,M
L,D,K
L,D,P
L,D,L
L,D,R
L,D,K
L,D,K
L,D,K
L,D,T
L,D,M
L,D,N
L,D,L
L,D,T
L,D,T
L,D,P
H,D,V
H,D,K
H,D,K
H,D,S
H,D,F
H,D,L
H,D,R
H,D,R
H,D,L
H,D,F
L,D,E
L,E,c
L,E,a
L,E,c
L,E,a
L,E,g
L,E,t
L,E,g
L,E,a
L,E,c
L,E,a
L,E,c
L,E,a
L,E,g
L,E,g
L,E,g
L,E,t
L,E,g
L,E,g
L,E,a
L,E,a
L,E,c
L,E,a
L,E,a
L,E,a
L,E,a
L,E,t
L,E,c
L,E,c
L,E,t
L,E,c
L,E,c
L,E,c
L,E,c
L,E,c
L,F,g
L,F,g
L,F,g
L,F,g
L,F,g
L,F,a
L,F,g
L,F,g
L,F,a
L,F,t
L,F,t
L,F,t
L,F,t
L,F,g
L,F,t
L,F,t
L,F,c
L,F,c
L,F,a
L,F,c
L,F,c
L,F,c
L,F,t
L,F,g
L,F,t
L,F,g
L,F,t
L,F,c
L,F,a
L,F,c
L,F,t
L,F,g
L,F,t
L,F,g
L,F,g
L,F,g
L,F,t
L,F,t
L,F,a
L,F,t
L,F,g
L,F,c
L,F,t
L,F,a
L,F,g
L,F,t
L,F,t
L,F,g
L,F,t
L,F,g
L,G,g
L,G,c
L,G,g
L,G,t
L,G,t
L,G,g
L,G,g
L,G,g
L,G,t
L,G,t
L,G,t
L,G,t
L,G,g
L,G,t
L,G,g
L,G,a
L,G,c
L,G,a
L,G,g
L,G,c
L,G,c
L,G,g
L,G,c
L,G,g
L,G,c
L,G,a
L,G,c
L,G,g
L,G,g
L,G,g
L,G,c
L,G,t
L,G,c
L,G,t
L,G,g
L,G,a
L,G,g
L,G,c
L,G,c
L,G,a
L,G,c
L,G,c
L,G,g
L,G,t
L,G,g
L,G,a
L,G,c
L,G,c
L,G,a
L,G,g
L,G,c
L,G,a
L,G,g
L,G,c
L,G,t
L,G,t
L,G,t
L,G,c
L,G,g
L,G,c
L,G,g
L,H,c
L,H,a
L,H,c
L,H,g
L,H,g
L,H,t
L,H,g
L,H,g
L,H,c
L,H,t
L,H,c
L,H,a
L,H,g
L,H,a
L,H,g
L,H,c
L,H,c
L,H,c
L,H,g
L,H,t
L,H,g
L,H,c
L,H,g
L,H,c
L,H,g
L,H,g
L,H,c
L,H,t
L,H,g
L,H,t
L,H,c
L,H,a
L,H,c
L,H,a
L,H,a
L,H,a
L,H,a
L,H,c
L,H,c
L,H,c
L,H,a
L,H,a
L,H,c
L,H,g
L,H,c
L,I,c
L,I,a
L,I,c
L,I,a
L,I,a
L,I,c
L,I,t
L,I,a
L,I,g
L,I,c
L,I,a
L,I,t
L,I,a
L,I,a
L,I,c
L,I,c
L,J,c
L,J,g
L,J,c
L,J,g
L,J,a
L,J,a
L,J,a
L,J,g
L,J,c
L,J,t
L,J,g
L,J,c
L,J,t
L,J,g
L,J,g
L,J,t
