human,rag1_rag2_human_4,rag1_rag2_human_4_sec,rag1_rag2_duck_4,rag1_rag2_duck_4_sec,rag1_rag2_chicken_2,rag1_rag2_chicken_2_sec,rag1_rag2_duck_3,rag1_rag2_duck_3_sec,rag1_rag2_duck_2,rag1_rag2_duck_2_sec,rag1_rag2_duck_1,rag1_rag2_duck_1_sec,rag1_rag2_human_3,rag1_rag2_human_3_sec,rag1_rag2_chicken_0,rag1_rag2_chicken_0_sec,rag1_rag2_human_2,rag1_rag2_human_2_sec,rag1_rag2_chicken_3,rag1_rag2_chicken_3_sec,rag1_rag2_chicken_1,rag1_rag2_chicken_1_sec,rag1_rag2_human_0,rag1_rag2_human_0_sec,rag1_rag2_human_1,rag1_rag2_human_1_sec,rag1_rag2_chicken_4,rag1_rag2_chicken_4_sec,rag1_rag2_duck_0,rag1_rag2_duck_0_sec
G,--1,,K128,L,K139,L,K128,L,K128,L,K128,L,--1,,K139,L,--1,,K139,L,K139,L,--1,,--1,,K139,L,K128,L
G,--1,,G130,L,G141,L,G130,L,G130,L,G129,L,--1,,G141,L,--1,,G141,L,G141,L,--1,,--1,,G141,L,G129,L
R,--1,,R131,L,R142,L,R131,L,R131,L,G130,L,--1,,R142,L,--1,,R142,L,R142,L,--1,,--1,,R142,L,G130,L
P,--1,,P132,L,P143,L,P132,L,P132,L,P132,L,--1,,P143,L,--1,,P143,L,P143,L,--1,,--1,,P143,L,P132,L
R,--1,,R133,L,R144,L,R133,L,R133,L,R133,L,--1,,R144,L,--1,,R144,L,R144,L,--1,,--1,,R144,L,R133,L
Q,--1,,Q134,L,Q145,L,Q134,L,Q134,L,Q134,L,--1,,Q145,L,--1,,Q145,L,Q145,L,P43,L,--1,,Q145,L,Q134,L
H,--1,,H135,L,H146,L,H135,L,H135,L,H135,L,--1,,H146,L,--1,,H146,L,H146,L,--1,,--1,,H146,L,H135,L
L,--1,,L136,H,L147,H,L136,H,L136,H,L136,H,--1,,L147,H,--1,,L147,H,L147,H,--1,,--1,,L147,H,L136,H
L,--1,,L137,L,L148,L,L137,L,L137,L,L137,L,--1,,L148,L,--1,,L148,L,L148,L,--1,,--1,,L148,L,L137,L
S,--1,,S138,H,S149,H,S138,H,S138,H,S138,H,--1,,S149,H,--1,,S149,H,S149,H,Q69,L,--1,,S149,H,S138,H
L,--1,,L139,L,L150,L,L139,L,L139,L,L139,L,--1,,L150,L,--1,,L150,L,L150,L,--1,,--1,,L150,L,L139,L
T,--1,,T140,L,T151,L,T140,L,T140,L,T140,L,--1,,T151,L,--1,,T151,L,T151,L,--1,,--1,,T151,L,T140,L
R,--1,,R141,H,R152,H,R141,H,R141,H,R141,H,--1,,R152,H,--1,,R152,H,R152,H,--1,,--1,,R152,H,R141,H
R,--1,,R142,H,R153,H,R142,H,R142,H,R142,H,--1,,R153,H,--1,,R153,H,R153,H,--1,,--1,,R153,H,R142,H
A,--1,,A143,H,A154,H,A143,H,A143,H,A143,H,--1,,A154,H,--1,,A154,H,A154,H,--1,,--1,,A154,H,A143,H
Q,--1,,Q144,H,Q155,H,Q144,H,Q144,H,Q144,H,--1,,Q155,H,--1,,Q155,H,Q155,H,--1,,--1,,Q155,H,Q144,H
K,--1,,K145,H,K156,H,K145,H,K145,H,K145,H,--1,,K156,H,--1,,K156,H,K156,H,--1,,--1,,K156,H,K145,H
H,--1,,H146,H,H157,H,H146,H,H146,H,H146,H,--1,,H157,H,--1,,H157,H,H157,H,--1,,--1,,H157,H,H146,H
R,--1,,L148,L,R158,H,L148,L,L148,L,L148,L,--1,,R158,H,--1,,R158,H,R158,H,--1,,--1,,R158,H,L148,L
L,--1,,R149,H,L159,L,R149,H,R149,H,R149,H,--1,,L159,L,--1,,L159,L,L159,L,--1,,--1,,L159,L,R149,H
R,--1,,K152,H,R160,H,E150,H,K152,H,E150,H,--1,,R160,H,--1,,R160,H,R160,H,--1,,--1,,R160,H,K152,H
D,--1,,C153,H,E161,H,L151,H,C153,H,L151,H,--1,,E161,H,--1,,E161,H,E161,H,--1,,--1,,E161,H,C153,H
L,--1,,Q154,H,L162,H,K152,H,Q154,H,K152,H,--1,,L162,H,--1,,L162,H,L162,H,--1,,--1,,L162,H,Q154,H
K,--1,,V155,H,K163,H,C153,H,V155,H,C153,H,--1,,K163,H,--1,,K163,H,K163,H,--1,,--1,,K163,H,V155,H
N,--1,,K156,H,R164,H,Q154,H,K156,H,Q154,H,--1,,R164,H,--1,,R164,H,R164,H,--1,,--1,,R164,H,K156,H
Q,--1,,A157,H,Q165,H,V155,H,A157,H,V155,H,--1,,Q165,H,--1,,Q165,H,Q165,H,--1,,--1,,Q165,H,A157,H
V,--1,,F158,H,V166,H,K156,H,F158,H,K156,H,--1,,V166,H,--1,,V166,H,V166,H,--1,,--1,,V166,H,F158,H
K,--1,,A159,H,K167,H,A157,H,A159,H,A157,H,--1,,K167,H,--1,,K167,H,K167,H,--1,,--1,,K167,H,A159,H
T,--1,,E160,H,A168,H,F158,H,E160,H,F158,H,--1,,A168,H,--1,,A168,H,A168,H,--1,,--1,,A168,H,E160,H
F,--1,,K161,H,F169,H,A159,H,K161,H,A159,H,--1,,F169,H,--1,,F169,H,F169,H,--1,,--1,,F169,H,K161,H
A,--1,,E162,H,A170,H,E160,H,E162,H,E160,H,--1,,A170,H,--1,,A170,H,A170,H,--1,,--1,,A170,H,E162,H
E,--1,,E163,L,E171,H,K161,H,E163,L,K161,H,--1,,E171,H,--1,,E171,H,E171,H,--1,,--1,,E171,H,E163,L
K,--1,,G164,L,K172,H,E162,H,G164,L,E162,H,--1,,K172,H,--1,,K172,H,K172,H,--1,,--1,,K172,H,G164,L
E,--1,,G165,L,E173,H,E163,L,G165,L,E163,L,--1,,E173,H,--1,,E173,H,E173,H,--1,,--1,,E173,H,G165,L
E,--1,,--1,,E174,L,G164,L,--1,,G164,L,--1,,E174,L,--1,,E174,L,E174,L,--1,,--1,,E174,L,--1,
G,--1,,--1,,G175,L,--1,,--1,,G165,L,--1,,G175,L,--1,,G175,L,G175,L,--1,,--1,,G175,L,--1,
G,--1,,--1,,G176,L,G165,L,--1,,--1,,--1,,G176,L,--1,,G176,L,G176,L,--1,,--1,,G176,L,--1,
D,--1,,D166,L,D177,L,D166,L,D166,L,D166,L,--1,,D177,L,--1,,D177,L,D177,L,--1,,--1,,D177,L,D166,L
V,--1,,I167,H,I178,H,I167,H,I167,H,I167,H,--1,,I178,H,--1,,I178,H,I178,H,--1,,--1,,I178,H,I167,H
K,--1,,K168,H,K179,H,K168,H,K168,H,K168,H,--1,,K179,H,--1,,K179,H,K179,H,--1,,--1,,K179,H,K168,H
S,--1,,A169,H,A180,H,A169,H,A169,H,A169,H,--1,,A180,H,--1,,A180,H,A180,H,--1,,--1,,A180,H,A169,H
V,--1,,V170,H,V181,H,V170,H,V170,H,V170,H,--1,,V181,H,--1,,V181,H,V181,H,--1,,--1,,V181,H,V170,H
C,--1,,C171,H,C182,H,C171,H,C171,H,C171,H,--1,,C182,H,--1,,C182,H,C182,H,--1,,--1,,C182,H,C171,H
L,--1,,M172,H,M183,H,M172,H,M172,H,M172,H,--1,,M183,H,--1,,M183,H,M183,H,--1,,--1,,M183,H,M172,H
T,--1,,T173,H,T184,H,T173,H,T173,H,T173,H,--1,,T184,H,--1,,T184,H,T184,H,--1,,--1,,T184,H,T173,H
L,--1,,L174,H,L185,H,L174,H,L174,H,L174,H,--1,,L185,H,--1,,L185,H,L185,H,--1,,--1,,L185,H,L174,H
F,--1,,F175,H,F186,H,F175,H,F175,H,F175,H,--1,,F186,H,--1,,F186,H,F186,H,--1,,--1,,F186,H,F175,H
L,--1,,L176,H,L187,H,L176,H,L176,H,L176,H,--1,,L187,H,--1,,L187,H,L187,H,--1,,--1,,L187,H,L176,H
L,--1,,L177,H,L188,H,L177,H,L177,H,L177,H,--1,,L188,H,G177,L,L188,H,L188,H,G177,L,G177,L,L188,H,L177,H
A,--1,,A178,H,A189,H,A178,H,A178,H,A178,H,--1,,A189,H,D178,L,A189,H,A189,H,D178,L,D178,L,A189,H,A178,H
L,G177,L,L179,H,L190,H,L179,H,L179,H,L179,H,--1,,L190,H,V179,H,L190,H,L190,H,V179,H,V179,H,L190,H,L179,H
R,D178,L,R180,H,R191,H,R180,H,R180,H,R180,H,G177,L,R191,H,K180,H,R191,H,R191,H,K180,H,K180,H,R191,H,R180,H
A,V179,H,A181,H,A192,H,A181,H,A181,H,A181,H,D178,L,A192,H,S181,H,A192,H,A192,H,S181,H,S181,H,A192,H,A181,H
G,K180,H,K182,L,K193,L,K182,L,K182,L,K182,L,V179,H,K193,L,V182,H,K193,L,K193,L,V182,H,V182,H,K193,L,K182,L
N,S181,H,N183,L,N194,L,N183,L,N183,L,N183,L,K180,H,N194,L,C183,H,N194,L,N194,L,C183,H,C183,H,N194,L,N183,L
E,C183,H,E184,L,E195,L,E184,L,E184,L,E184,L,S181,H,E195,L,L184,H,E195,L,E195,L,L184,H,L184,H,E195,L,E184,L
H,L184,H,H185,H,H196,H,H185,H,H185,H,H185,H,V182,H,H196,H,T185,H,H196,H,H196,H,T185,H,T185,H,H196,H,H185,H
K,T185,H,K186,H,K197,H,K186,H,K186,H,K186,H,L184,H,K197,H,L188,H,K197,H,K197,H,L188,H,L188,H,K197,H,K186,H
Q,L203,H,Q187,H,Q198,H,Q187,H,Q187,H,Q187,H,L203,H,Q198,H,E202,H,Q198,H,Q198,H,E202,H,L203,H,Q198,H,Q187,H
A,E204,H,A188,H,A199,H,A188,H,A188,H,A188,H,E204,H,A199,H,L203,H,A199,H,A199,H,L203,H,E204,H,A199,H,A188,H
D,A205,H,D189,H,D200,H,D189,H,D189,H,D189,H,A205,H,D200,H,E204,H,D200,H,D200,H,E204,H,A205,H,D200,H,D189,H
E,M206,H,E190,H,E201,H,E190,H,E190,H,E190,H,M206,H,E201,H,A205,H,E201,H,E201,H,A205,H,M206,H,E201,H,E190,H
L,M207,H,L191,H,L202,H,L191,H,L191,H,L191,H,M207,H,L202,H,M206,H,L202,H,L202,H,M206,H,M207,H,L202,H,L191,H
E,Q208,L,E192,H,E203,H,E192,H,E192,H,E192,H,Q208,L,E203,H,M207,H,E203,H,E203,H,M207,H,Q208,L,E203,H,E192,H
A,G209,L,A193,H,A204,H,A193,H,A193,H,A193,H,G209,L,A204,H,Q208,L,A204,H,A204,H,Q208,L,G209,L,A204,H,A193,H
M,R210,L,I194,H,I205,H,I194,H,I194,H,I194,H,R210,L,I205,H,G209,L,I205,H,I205,H,G209,L,R210,L,I205,H,I194,H
M,--1,,M195,H,M206,H,M195,H,M195,H,M195,H,--1,,M206,H,--1,,M206,H,M206,H,--1,,--1,,M206,H,M195,H
Q,--1,,Q196,L,Q207,L,Q196,L,Q196,L,Q196,L,--1,,Q207,L,--1,,Q207,L,Q207,L,--1,,--1,,Q207,L,Q196,L
G,--1,,G197,L,G208,L,G197,L,G197,L,G197,L,--1,,G208,L,--1,,G208,L,G208,L,--1,,--1,,G208,L,G197,L
R,--1,,R198,L,R209,L,R198,L,R198,L,R198,L,--1,,R209,L,R210,L,R209,L,R209,L,R210,L,--1,,R209,L,R198,L
G,G211,L,G199,L,G210,L,G199,L,G199,L,G199,L,G211,L,G210,L,G211,L,G210,L,G210,L,G211,L,G211,L,G210,L,G199,L
F,F212,L,S200,L,S211,L,S200,L,S200,L,S200,L,F212,L,S211,L,F212,L,S211,L,S211,L,F212,L,F212,L,S211,L,S200,L
G,G213,L,G201,L,G212,L,G201,L,G201,L,G201,L,G213,L,G212,L,G213,L,G212,L,G212,L,G213,L,G213,L,G212,L,G201,L
L,L214,L,L202,L,L213,L,L202,L,L202,L,L202,L,L214,L,L213,L,L214,L,L213,L,L213,L,L214,L,L214,L,L213,L,L202,L
H,H215,L,H203,L,H214,L,H203,L,H203,L,H203,L,H215,L,H214,L,H215,L,H214,L,H214,L,H215,L,H215,L,H214,L,H203,L
P,P216,H,P204,H,P215,H,P204,H,P204,H,P204,H,P216,H,P215,H,P216,H,P215,H,P215,H,P216,H,P216,H,P215,H,P204,H
A,A217,H,A205,H,A216,H,A205,H,A205,H,A205,H,A217,H,A216,H,A217,H,A216,H,A216,H,A217,H,A217,H,A216,H,A205,H
V,V218,H,V206,H,V217,H,V206,H,V206,H,V206,H,V218,H,V217,H,V218,H,V217,H,V217,H,V218,H,V218,H,V217,H,V206,H
C,C219,H,C207,H,C218,H,C207,H,C207,H,C207,H,C219,H,C218,H,C219,H,C218,H,C218,H,C219,H,C219,H,C218,H,C207,H
L,L220,H,L208,H,L219,H,L208,H,L208,H,L208,H,L220,H,L219,H,L220,H,L219,H,L219,H,L220,H,L220,H,L219,H,L208,H
A,A221,H,A209,H,A220,H,A209,H,A209,H,A209,H,A221,H,A220,H,A221,H,A220,H,A220,H,A221,H,A221,H,A220,H,A209,H
I,I222,H,I210,H,I221,H,I210,H,I210,H,I210,H,I222,H,I221,H,I222,H,I221,H,I221,H,I222,H,I222,H,I221,H,I210,H
R,R223,H,R211,H,R222,H,R211,H,R211,H,R211,H,R223,H,R222,H,R223,H,R222,H,R222,H,R223,H,R223,H,R222,H,R211,H
V,V224,H,V212,H,I223,H,V212,H,V212,H,V212,H,V224,H,I223,H,V224,H,I223,H,I223,H,V224,H,V224,H,I223,H,V212,H
N,N225,H,N213,H,N224,H,N213,H,N213,H,N213,H,N225,H,N224,H,N225,H,N224,H,N224,H,N225,H,N225,H,N224,H,N213,H
T,T226,L,T214,L,T225,L,T214,L,T214,L,T214,L,T226,L,T225,L,T226,L,T225,L,T225,L,T226,L,T226,L,T225,L,T214,L
F,F227,L,F215,L,F226,L,F215,L,F215,L,F215,L,F227,L,F226,L,F227,L,F226,L,F226,L,F227,L,F227,L,F226,L,F215,L
L,L228,L,L216,L,L227,L,L216,L,L216,L,L216,L,L228,L,L227,L,L228,L,L227,L,L227,L,L228,L,L228,L,L227,L,L216,L
S,S229,L,S217,L,S228,L,S217,L,S217,L,S217,L,S229,L,S228,L,S229,L,S228,L,S228,L,S229,L,S229,L,S228,L,S217,L
C,C230,H,C218,H,C229,H,C218,H,C218,H,C218,H,C230,H,C229,H,C230,H,C229,H,C229,H,C230,H,C230,H,C229,H,C218,H
S,S231,H,S219,H,S230,H,S219,H,S219,H,S219,H,S231,H,S230,H,S231,H,S230,H,S230,H,S231,H,S231,H,S230,H,S219,H
Q,Q232,H,Q220,H,Q231,H,Q220,H,Q220,H,Q220,H,Q232,H,Q231,H,Q232,H,Q231,H,Q231,H,Q232,H,Q232,H,Q231,H,Q220,H
Y,Y233,H,Y221,H,Y232,H,Y221,H,Y221,H,Y221,H,Y233,H,Y232,H,Y233,H,Y232,H,Y232,H,Y233,H,Y233,H,Y232,H,Y221,H
H,H234,H,H222,H,H233,H,H222,H,H222,H,H222,H,H234,H,H233,H,H234,H,H233,H,H233,H,H234,H,H234,H,H233,H,H222,H
K,K235,H,K223,H,K234,H,K223,H,K223,H,K223,H,K235,H,K234,H,K235,H,K234,H,K234,H,K235,H,K235,H,K234,H,K223,H
M,M236,H,M224,H,M235,H,M224,H,M224,H,M224,H,M236,H,M235,H,M236,H,M235,H,M235,H,M236,H,M236,H,M235,H,M224,H
Y,Y237,H,Y225,H,Y236,H,Y225,H,Y225,H,Y225,H,Y237,H,Y236,H,Y237,H,Y236,H,Y236,H,Y237,H,Y237,H,Y236,H,Y225,H
R,R238,H,R226,H,R237,H,R226,H,R226,H,R226,H,R238,H,R237,H,R238,H,R237,H,R237,H,R238,H,R238,H,R237,H,R226,H
T,T239,H,T227,H,T238,H,T227,H,T227,H,T227,H,T239,H,T238,H,T239,H,T238,H,T238,H,T239,H,T239,H,T238,H,T227,H
V,V240,H,V228,H,V239,H,V228,H,V228,H,V228,H,V240,H,V239,H,V240,H,V239,H,V239,H,V240,H,V240,H,V239,H,V228,H
K,K241,H,K229,H,K240,H,K229,H,K229,H,K229,H,K241,H,K240,H,K241,H,K240,H,K240,H,K241,H,K241,H,K240,H,K229,H
A,A242,H,A230,H,A241,H,A230,H,A230,H,A230,H,A242,H,A241,H,A242,H,A241,H,A241,H,A242,H,A242,H,A241,H,A230,H
T,T243,H,V231,H,V242,H,V231,H,V231,H,V231,H,T243,H,V242,H,T243,H,V242,H,V242,H,T243,H,T243,H,V242,H,V231,H
S,S244,H,S232,H,T243,H,S232,H,S232,H,S232,H,S244,H,T243,H,S244,H,T243,H,T243,H,S244,H,S244,H,T243,H,S232,H
G,G245,L,G233,L,G244,L,G233,L,G233,L,G233,L,G245,L,G244,L,G245,L,G244,L,G244,L,G245,L,G245,L,G244,L,G233,L
R,R246,L,R234,L,R245,L,R234,L,R234,L,R234,L,R246,L,R245,L,R246,L,R245,L,R245,L,R246,L,R246,L,R245,L,R234,L
Q,Q247,L,Q235,L,Q246,L,Q235,L,Q235,L,Q235,L,Q247,L,Q246,L,Q247,L,Q246,L,Q246,L,Q247,L,Q247,L,Q246,L,Q235,L
I,I248,L,I236,L,I247,L,I236,L,I236,L,I236,L,I248,L,I247,L,I248,L,I247,L,I247,L,I248,L,I248,L,I247,L,I236,L
F,F249,L,F237,L,F248,L,F237,L,F237,L,F237,L,F249,L,F248,L,F249,L,F248,L,F248,L,F249,L,F249,L,F248,L,F237,L
Q,Q250,L,Q238,L,Q249,L,Q238,L,Q238,L,Q238,L,Q250,L,Q249,L,Q250,L,Q249,L,Q249,L,Q250,L,Q250,L,Q249,L,Q238,L
P,P251,L,P239,L,P250,L,P239,L,P239,L,P239,L,P251,L,P250,L,P251,L,P250,L,P250,L,P251,L,P251,L,P250,L,P239,L
L,L252,H,L240,H,L251,H,L240,H,L240,H,L240,H,L252,H,L251,H,L252,H,L251,H,L251,H,L252,H,L252,H,L251,H,L240,H
H,H253,H,H241,H,H252,H,H241,H,H241,H,H241,H,H253,H,H252,H,H253,H,H252,H,H252,H,H253,H,H253,H,H252,H,H241,H
T,T254,H,A242,H,A253,H,A242,H,A242,H,A242,H,T254,H,A253,H,T254,H,A253,H,A253,H,T254,H,T254,H,A253,H,A242,H
L,L255,H,L243,H,L254,H,L243,H,L243,H,L243,H,L255,H,L254,H,L255,H,L254,H,L254,H,L255,H,L255,H,L254,H,L243,H
R,R256,H,R244,H,R255,H,R244,H,R244,H,R244,H,R256,H,R255,H,R256,H,R255,H,R255,H,R256,H,R256,H,R255,H,R244,H
N,N257,H,T245,H,T256,H,T245,H,T245,H,T245,H,N257,H,T256,H,N257,H,T256,H,T256,H,N257,H,N257,H,T256,H,T245,H
A,A258,H,A246,H,A257,H,A246,H,A246,H,A246,H,A258,H,A257,H,A258,H,A257,H,A257,H,A258,H,A258,H,A257,H,A246,H
E,E259,H,E247,H,E258,H,E247,H,E247,H,E247,H,E259,H,E258,H,E259,H,E258,H,E258,H,E259,H,E259,H,E258,H,E247,H
K,K260,H,K248,H,K259,H,K248,H,K248,H,K248,H,K260,H,K259,H,K260,H,K259,H,K259,H,K260,H,K260,H,K259,H,K248,H
E,E261,H,A249,L,A260,L,A249,L,A249,L,A249,H,E261,H,A260,L,E261,H,A260,H,A260,L,E261,H,E261,H,A260,H,A249,L
L,L262,H,L250,L,L261,L,L250,L,L250,H,L250,H,L262,H,L261,L,L262,H,L261,H,L261,L,L262,H,L262,H,L261,H,L250,H
L,L263,L,L251,L,L262,L,L251,L,L251,L,L251,L,L263,L,L262,L,L263,L,L262,L,L262,L,L263,L,L263,L,L262,L,L251,L
P,P264,L,P252,L,P263,L,P252,L,P252,L,P252,L,P264,L,P263,L,P264,L,P263,L,P263,L,P264,L,P264,L,P263,L,P252,L
G,G265,L,G253,L,G264,L,G253,L,G253,L,G253,L,G265,L,G264,L,G265,L,G264,L,G264,L,G265,L,G265,L,G264,L,G253,L
F,F266,L,Y254,L,Y265,L,Y254,L,Y254,L,Y254,L,F266,L,Y265,L,F266,L,Y265,L,Y265,L,F266,L,F266,L,Y265,L,Y254,L
H,H267,L,H255,L,H266,L,H255,L,H255,L,H255,L,H267,L,H266,L,H267,L,H266,L,H266,L,H267,L,H267,L,H266,L,H255,L
Q,Q268,L,P256,L,P267,L,P256,L,P256,L,P256,L,Q268,L,P267,L,Q268,L,P267,L,P267,L,Q268,L,Q268,L,P267,L,P256,L
F,F269,E,F257,L,F268,L,F257,E,F257,L,F257,L,F269,E,F268,L,F269,E,F268,L,F268,L,F269,E,F269,E,F268,L,F257,L
E,E270,E,E258,E,E269,E,E258,E,E258,E,E258,E,E270,E,E269,E,E270,E,E269,E,E269,E,E270,E,E270,E,E269,E,E258,E
W,W271,E,W259,E,W270,E,W259,E,W259,E,W259,E,W271,E,W270,E,W271,E,W270,E,W270,E,W271,E,W271,E,W270,E,W259,E
Q,Q272,E,K260,E,K271,E,K260,E,K260,E,K260,E,Q272,E,K271,E,Q272,E,K271,E,K271,E,Q272,E,Q272,E,K271,E,K260,E
P,P273,L,P261,L,P272,L,P261,L,P261,L,P261,L,P273,L,P272,L,P273,L,P272,L,P272,L,P273,L,P273,L,P272,L,P261,L
A,A274,L,P262,L,P273,L,P262,L,P262,L,P262,L,A274,L,P273,L,A274,L,P273,L,P273,L,A274,L,A274,L,P273,L,P262,L
L,L275,L,L263,L,L274,L,L263,L,L263,L,L263,L,L275,L,L274,L,L275,L,L274,L,L274,L,L275,L,L275,L,L274,L,L263,L
K,K276,L,K264,L,K275,L,K264,L,K264,L,K264,L,K276,L,K275,L,K276,L,K275,L,K275,L,K276,L,K276,L,K275,L,K264,L
N,N277,L,S265,L,N276,L,S265,L,S265,L,S265,L,N277,L,N276,L,N277,L,N276,L,N276,L,N277,L,N277,L,N276,L,S265,L
V,V278,L,V266,L,V277,L,V266,L,V266,L,V266,L,V278,L,V277,L,V278,L,V277,L,V277,L,V278,L,V278,L,V277,L,V266,L
S,S279,L,S267,L,S278,L,S267,L,S267,L,S267,L,S279,L,S278,L,S279,L,S278,L,S278,L,S279,L,S279,L,S278,L,S267,L
T,T280,L,A268,L,T279,L,A268,L,A268,L,A268,L,T280,L,T279,L,T280,L,T279,L,T279,L,T280,L,T280,L,T279,L,A268,L
S,S281,L,N269,L,N280,L,N269,L,N269,L,N269,L,S281,L,N280,L,S281,L,N280,L,N280,L,S281,L,S281,L,N280,L,N269,L
W,W282,L,T270,L,T281,L,T270,L,T270,L,T270,L,W282,L,T281,L,W282,L,T281,L,T281,L,W282,L,W282,L,T281,L,T270,L
D,D283,L,E271,L,E282,L,E271,L,E271,L,E271,L,D283,L,E282,L,D283,L,E282,L,E282,L,D283,L,D283,L,E282,L,E271,L
V,V284,L,V272,L,V283,L,V272,L,V272,L,V272,L,V284,L,V283,L,V284,L,V283,L,V283,L,V284,L,V284,L,V283,L,V272,L
G,G285,L,G273,L,G284,L,G273,L,G273,L,G273,L,G285,L,G284,L,G285,L,G284,L,G284,L,G285,L,G285,L,G284,L,G273,L
I,I286,E,I274,E,I285,E,I274,E,I274,E,I274,E,I286,E,I285,E,I286,E,I285,E,I285,E,I286,E,I286,E,I285,E,I274,E
I,I287,E,I275,E,I286,E,I275,E,I275,E,I275,E,I287,E,I286,E,I287,E,I286,E,I286,E,I287,E,I287,E,I286,E,I275,E
D,D288,E,D276,E,D287,E,D276,E,D276,E,D276,E,D288,E,D287,E,D288,E,D287,E,D287,E,D288,E,D288,E,D287,E,D276,E
G,G289,L,G277,L,G288,L,G277,L,G277,L,G277,L,G289,L,G288,L,G289,L,G288,L,G288,L,G289,L,G289,L,G288,L,G277,L
L,L290,L,L278,L,L289,L,L278,L,L278,L,L278,L,L290,L,L289,L,L290,L,L289,L,L289,L,L290,L,L290,L,L289,L,L278,L
S,S291,L,S279,L,S290,L,S279,L,S279,L,S279,L,S291,L,S290,L,S291,L,S290,L,S290,L,S291,L,S291,L,S290,L,S279,L
G,G292,L,G280,L,G291,L,G280,L,G280,L,G280,L,G292,L,G291,L,G292,L,G291,L,G291,L,G292,L,G292,L,G291,L,G280,L
W,W293,L,L281,L,L292,L,L281,L,L281,L,L281,L,W293,L,L292,L,W293,L,L292,L,L292,L,W293,L,W293,L,L292,L,L281,L
T,T294,L,P282,L,P293,L,P282,L,P282,L,P282,L,T294,L,P293,L,T294,L,P293,L,P293,L,T294,L,T294,L,P293,L,P282,L
V,V295,L,L283,L,L294,L,L283,L,L283,L,L283,L,V295,L,L294,L,V295,L,L294,L,L294,L,V295,L,V295,L,L294,L,L283,L
S,S296,L,S284,L,S295,L,S284,L,S284,L,S284,L,S296,L,S295,L,S296,L,S295,L,S295,L,S296,L,S296,L,S295,L,S284,L
V,V297,L,I285,L,I296,L,I285,L,I285,L,I285,L,V297,L,I296,L,V297,L,I296,L,I296,L,V297,L,V297,L,I296,L,I285,L
D,D298,L,D286,L,D297,L,D286,L,D286,L,D286,L,D298,L,D297,L,D298,L,D297,L,D297,L,D298,L,D298,L,D297,L,D286,L
D,D299,L,D287,L,D298,L,D287,L,D287,L,D287,L,D299,L,D298,L,D299,L,D298,L,D298,L,D299,L,D299,L,D298,L,D287,L
V,V300,L,Y288,L,Y299,L,Y288,L,Y288,L,Y288,L,V300,L,Y299,L,V300,L,Y299,L,Y299,L,V300,L,V300,L,Y299,L,Y288,L
P,P301,L,P289,L,P300,L,P289,L,P289,L,P289,L,P301,L,P300,L,P301,L,P300,L,P300,L,P301,L,P301,L,P300,L,P289,L
A,A302,L,V290,L,I301,L,V290,L,V290,L,V290,L,A302,L,I301,L,A302,L,I301,L,I301,L,A302,L,A302,L,I301,L,V290,L
D,D303,L,D291,L,D302,L,D291,L,D291,L,D291,L,D303,L,D302,L,D303,L,D302,L,D302,L,D303,L,D303,L,D302,L,D291,L
T,T304,L,T292,L,T303,L,T292,L,T292,L,T292,L,T304,L,T303,L,T304,L,T303,L,T303,L,T304,L,T304,L,T303,L,T292,L
I,I305,L,I293,L,I304,L,I293,L,I293,L,I293,E,I305,L,I304,L,I305,L,I304,L,I304,L,I305,L,I305,L,I304,L,I293,L
S,S306,E,A294,E,A305,E,A294,E,A294,E,A294,E,S306,E,A305,E,S306,E,A305,E,A305,E,S306,E,S306,E,A305,E,A294,E
R,R307,E,K295,E,K306,E,K295,E,K295,E,K295,E,R307,E,K306,E,R307,E,K306,E,K306,E,R307,E,R307,E,K306,E,K295,E
R,R308,E,R296,E,R307,E,R296,E,R296,E,R296,E,R308,E,R307,E,R308,E,R307,E,R307,E,R308,E,R308,E,R307,E,R296,E
F,F309,E,F297,E,F308,E,F297,E,F297,E,F297,E,F309,E,F308,E,F309,E,F308,E,F308,E,F309,E,F309,E,F308,E,F297,E
R,R310,L,R298,L,R309,L,R298,L,R298,L,R298,L,R310,L,R309,L,R310,L,R309,L,R309,L,R310,L,R310,L,R309,L,R298,L
Y,Y311,H,Y299,H,Y310,H,Y299,H,Y299,H,Y299,H,Y311,H,Y310,H,Y311,H,Y310,H,Y310,H,Y311,H,Y311,H,Y310,H,Y299,H
D,D312,H,D300,H,D311,H,D300,H,D300,H,D300,H,D312,H,D311,H,D312,H,D311,H,D311,H,D312,H,D312,H,D311,H,D300,H
V,V313,H,T301,H,T312,H,T301,H,T301,H,T301,H,V313,H,T312,H,V313,H,T312,H,T312,H,V313,H,V313,H,T312,H,T301,H
A,A314,H,A302,H,A313,H,A302,H,A302,H,A302,H,A314,H,A313,H,A314,H,A313,H,A313,H,A314,H,A314,H,A313,H,A302,H
L,L315,H,L303,H,L314,H,L303,H,L303,H,L303,H,L315,H,L314,H,L315,H,L314,H,L314,H,L315,H,L315,H,L314,H,L303,H
V,V316,H,V304,H,V315,H,V304,H,V304,H,V304,H,V316,H,V315,H,V316,H,V315,H,V315,H,V316,H,V316,H,V315,H,V304,H
S,S317,H,S305,H,S316,H,S305,H,S305,H,S305,H,S317,H,S316,H,S317,H,S316,H,S316,H,S317,H,S317,H,S316,H,S305,H
A,A318,H,A306,H,A317,H,A306,H,A306,H,A306,H,A318,H,A317,H,A318,H,A317,H,A317,H,A318,H,A318,H,A317,H,A306,H
L,L319,H,L307,H,L318,H,L307,H,L307,H,L307,H,L319,H,L318,H,L319,H,L318,H,L318,H,L319,H,L319,H,L318,H,L307,H
K,K320,H,K308,H,K319,H,K308,H,K308,H,K308,H,K320,H,K319,H,K320,H,K319,H,K319,H,K320,H,K320,H,K319,H,K308,H
D,D321,H,D309,H,D320,H,D309,H,D309,H,D309,H,D321,H,D320,H,D321,H,D320,H,D320,H,D321,H,D321,H,D320,L,D309,H
L,L322,L,M310,L,M321,L,M310,L,M310,L,M310,L,L322,L,M321,L,L322,L,M321,L,M321,L,L322,L,L322,L,M321,L,M310,L
E,E323,H,E311,H,E322,H,E311,H,E311,H,E311,H,E323,H,E322,H,E323,H,E322,H,E322,H,E323,H,E323,H,E322,H,E311,H
E,E324,H,E312,H,E323,H,E312,H,E312,H,E312,H,E324,H,E323,H,E324,H,E323,H,E323,H,E324,H,E324,H,E323,H,E312,H
D,D325,H,E313,H,E324,H,E313,H,E313,H,E313,H,D325,H,E324,H,D325,H,E324,H,E324,H,D325,H,D325,H,E324,H,E313,H
I,I326,H,I314,H,I325,H,I314,H,I314,H,I314,H,I326,H,I325,H,I326,H,I325,H,I325,H,I326,H,I326,H,I325,H,I314,H
M,M327,H,L315,H,L326,H,L315,H,L315,H,L315,H,M327,H,L326,H,M327,H,L326,H,L326,H,M327,H,M327,H,L326,H,L315,H
E,E328,H,E316,H,E327,H,E316,H,E316,H,E316,H,E328,H,E327,H,E328,H,E327,H,E327,H,E328,H,E328,H,E327,H,E316,H
G,G329,H,G317,H,G328,H,G317,H,G317,H,G317,H,G329,H,G328,H,G329,H,G328,H,G328,H,G329,H,G329,H,G328,H,G317,H
L,L330,H,M318,H,M329,H,M318,H,M318,H,M318,H,L330,H,M329,H,L330,H,M329,H,M329,H,L330,H,L330,H,M329,H,M318,H
R,R331,H,K319,H,K330,H,K319,H,K319,H,K319,H,R331,H,K330,H,R331,H,K330,H,K330,H,R331,H,R331,H,K330,H,K319,H
E,E332,H,A320,H,A331,H,A320,H,A320,H,A320,H,E332,H,A331,H,E332,H,A331,H,A331,H,E332,H,E332,H,A331,H,A320,H
R,R333,L,K321,L,K332,L,K321,L,K321,L,K321,L,R333,L,K332,L,R333,L,K332,L,K332,L,R333,L,R333,L,K332,L,K321,L
A,A334,L,N322,L,N333,L,N322,L,N322,L,N322,L,A334,L,N333,L,A334,L,N333,L,N333,L,A334,L,A334,L,N333,L,N322,L
L,L335,L,L323,L,L334,L,L323,L,L323,L,L323,L,L335,L,L334,L,L335,L,L334,L,L334,L,L335,L,L335,L,L334,L,L323,L
D,D336,L,D324,L,D335,L,D324,L,D324,L,D324,L,D336,L,D335,L,D336,L,D335,L,D335,L,D336,L,D336,L,D335,L,D324,L
D,D337,L,D325,L,D336,L,D325,L,D325,L,D325,L,D337,L,D336,L,D337,L,D336,L,D336,L,D337,L,D337,L,D336,L,D325,L
S,S338,L,Y326,L,Y337,L,Y326,L,Y326,L,Y326,L,S338,L,Y337,L,S338,L,Y337,L,Y337,L,S338,L,S338,L,Y337,L,Y326,L
M,M339,L,--1,,--1,,--1,,--1,,--1,,M339,L,--1,,M339,L,--1,,--1,,M339,L,M339,L,--1,,--1,
C,C340,L,L327,L,L338,L,L327,L,L327,L,L327,L,C340,L,L338,L,C340,L,L338,L,L338,L,C340,L,C340,L,L338,L,L327,L
T,T341,L,S328,L,N339,L,S328,L,S328,L,S328,L,T341,L,N339,L,T341,L,N339,L,N339,L,T341,L,T341,L,N339,L,S328,L
S,S342,L,G329,L,G340,L,G329,L,G329,L,G329,L,S342,L,G340,L,S342,L,G340,L,G340,L,S342,L,S342,L,G340,L,G329,L
G,G343,L,P330,L,P341,L,P330,L,P330,L,P330,L,G343,L,P341,L,G343,L,P341,L,P341,L,G343,L,G343,L,P341,L,P330,L
F,F344,E,F331,E,F342,E,F331,E,F331,E,F331,E,F344,E,F342,E,F344,E,F342,E,F342,E,F344,E,F344,E,F342,E,F331,E
T,T345,E,T332,E,T343,E,T332,E,T332,E,T332,E,T345,E,T343,E,T345,E,T343,E,T343,E,T345,E,T345,E,T343,E,T332,E
V,V346,E,V333,E,V344,E,V333,E,V333,E,V333,E,V346,E,V344,E,V346,E,V344,E,V344,E,V346,E,V346,E,V344,E,V333,E
V,V347,E,V334,E,V345,E,V334,E,V334,E,V334,E,V347,E,V345,E,V347,E,V345,E,V345,E,V347,E,V347,E,V345,E,V334,E
V,V348,E,V335,E,V346,E,V335,E,V335,E,V335,E,V348,E,V346,E,V348,E,V346,E,V346,E,V348,E,V348,E,V346,E,V335,E
K,K349,E,K336,E,K347,E,K336,E,K336,E,K336,E,K349,E,K347,E,K349,E,K347,E,K347,E,K349,E,K349,E,K347,E,K336,E
E,E350,E,E337,E,E348,E,E337,E,E337,E,E337,E,E350,E,E348,E,E350,E,E348,E,E348,E,E350,E,E350,E,E348,E,E337,E
S,S351,E,S338,E,C349,E,S338,E,S338,E,S338,E,S351,E,C349,E,S351,E,C349,E,C349,E,S351,E,S351,E,C349,E,S338,E
C,C352,E,C339,E,C350,E,C339,E,C339,E,C339,E,C352,E,C350,E,C352,E,C350,E,C350,E,C352,E,C352,E,C350,E,C339,E
D,D353,E,D340,E,D351,E,D340,E,D340,E,D340,E,D353,E,D351,E,D353,E,D351,E,D351,E,D353,E,D353,E,D351,E,D340,E
G,G354,E,G341,E,G352,E,G341,E,G341,E,G341,E,G354,E,G352,E,G354,E,G352,E,G352,E,G354,E,G354,E,G352,E,G341,E
M,M355,E,M342,E,M353,E,M342,E,M342,E,M342,E,M355,E,M353,E,M355,E,M353,E,M353,E,M355,E,M355,E,M353,E,M342,E
G,G356,L,G343,L,G354,L,G343,L,G343,L,G343,L,G356,L,G354,L,G356,L,G354,L,G354,L,G356,L,G356,L,G354,L,G343,L
D,D357,L,D344,L,D355,L,D344,L,D344,L,D344,L,D357,L,D355,L,D357,L,D355,L,D355,L,D357,L,D357,L,D355,L,D344,L
V,V358,L,V345,L,V356,L,V345,L,V345,L,V345,L,V358,L,V356,L,V358,L,V356,L,V356,L,V358,L,V358,L,V356,L,V345,L
S,S359,L,S346,L,S357,L,S346,L,S346,L,S346,L,S359,L,S357,L,S359,L,S357,L,S357,L,S359,L,S359,L,S357,L,S346,L
E,E360,L,E347,L,E358,L,E347,L,E347,L,E347,L,E360,L,E358,L,E360,L,E358,L,E358,L,E360,L,E360,L,E358,L,E347,L
K,K361,L,K348,L,K359,L,K348,L,K348,L,K348,L,K361,L,K359,L,K361,L,K359,L,K359,L,K361,L,K361,L,K359,L,K348,L
H,H362,L,H349,L,H360,L,H349,L,H349,L,H349,L,H362,L,H360,L,H362,L,H360,L,H360,L,H362,L,H362,L,H360,L,H349,L
G,G363,L,G350,L,G361,L,G350,L,G350,L,G350,L,G363,L,G361,L,G363,L,G361,L,G361,L,G363,L,G363,L,G361,L,G350,L
S,S364,L,N351,L,S362,L,N351,L,N351,L,N351,L,S364,L,S362,L,S364,L,S362,L,S362,L,S364,L,S364,L,S362,L,N351,L
G,G365,L,G352,L,G363,L,G352,L,G352,L,G352,L,G365,L,G363,L,G365,L,G363,L,G363,L,G365,L,G365,L,G363,L,G352,L
P,P366,L,P353,L,P364,L,P353,L,P353,L,P353,L,P366,L,P364,L,P366,L,P364,L,P364,L,P366,L,P366,L,P364,L,P353,L
A,A367,L,A354,L,A365,L,A354,L,A354,L,A354,L,A367,L,A365,L,A367,L,A365,L,A365,L,A367,L,A367,L,A365,L,A354,L
V,V368,L,V355,L,V366,L,V355,L,V355,L,V355,L,V368,L,V366,L,V368,L,V366,L,V366,L,V368,L,V368,L,V366,L,V355,L
P,P369,L,P356,L,P367,L,P356,L,P356,L,P356,L,P369,L,P367,L,P369,L,P367,L,P367,L,P369,L,P369,L,P367,L,P356,L
E,E370,L,E357,L,E368,L,E357,L,E357,L,E357,L,E370,L,E368,L,E370,L,E368,L,E368,L,E370,L,E370,L,E368,L,E357,L
K,K371,L,K358,L,K369,L,K358,L,K358,L,K358,L,K371,L,K369,L,K371,L,K369,L,K369,L,K371,L,K371,L,K369,L,K358,L
A,A372,E,A359,E,A370,E,A359,E,A359,E,A359,E,A372,E,A370,E,A372,E,A370,E,A370,E,A372,E,A372,E,A370,E,A359,E
V,V373,E,V360,E,V371,E,V360,E,V360,E,V360,E,V373,E,V371,E,V373,E,V371,E,V371,E,V373,E,V373,E,V371,E,V360,E
R,R374,E,R361,E,R372,E,R361,E,R361,E,R361,E,R374,E,R372,E,R374,E,R372,E,R372,E,R374,E,R374,E,R372,E,R361,E
F,F375,E,F362,E,F373,E,F362,E,F362,E,F362,E,F375,E,F373,E,F375,E,F373,E,F373,E,F375,E,F375,E,F373,E,F362,E
S,S376,E,S363,E,S374,E,S363,E,S363,E,S363,E,S376,E,S374,E,S376,E,S374,E,S374,E,S376,E,S376,E,S374,E,S363,E
F,F377,E,F364,E,F375,E,F364,E,F364,E,F364,E,F377,E,F375,E,F377,E,F375,E,F375,E,F377,E,F377,E,F375,E,F364,E
T,T378,E,T365,E,T376,E,T365,E,T365,E,T365,E,T378,E,T376,E,T378,E,T376,E,T376,E,T378,E,T378,E,T376,E,T365,E
I,I379,E,V366,E,V377,E,V366,E,V366,E,V366,E,I379,E,V377,E,I379,E,V377,E,V377,E,I379,E,I379,E,V377,E,V366,E
M,M380,E,M367,E,M378,E,M367,E,M367,E,M367,E,M380,E,M378,E,M380,E,M378,E,M378,E,M380,E,M380,E,M378,E,M367,E
S,S381,E,N368,E,N379,E,N368,E,N368,E,N368,E,S381,E,N379,E,S381,E,N379,E,N379,E,S381,E,S381,E,N379,E,N368,E
I,I382,E,I369,E,I380,E,I369,E,I369,E,I369,E,I382,E,I380,E,I382,E,I380,E,I380,E,I382,E,I382,E,I380,E,I369,E
S,S383,E,S370,E,A381,E,S370,E,S370,E,S370,E,S383,E,A381,E,S383,E,A381,E,A381,E,S383,E,S383,E,A381,E,S370,E
I,I384,E,I371,E,I382,E,I371,E,I371,E,I371,E,I384,E,I382,E,I384,E,I382,E,I382,E,I384,E,I384,E,I382,E,I371,E
R,R385,E,A372,E,D383,E,A372,E,A372,E,A372,E,R385,L,D383,E,R385,L,D383,E,D383,E,R385,L,R385,L,D383,E,A372,E
L,L386,L,H373,E,H384,E,H373,E,H373,E,H373,E,L386,L,H384,E,L386,L,H384,E,H384,E,L386,L,L386,L,H384,E,H373,E
E,E387,L,--1,,--1,,--1,,--1,,--1,,E387,L,E385,L,E387,L,--1,,E385,L,E387,L,E387,L,E385,L,--1,
G,G388,L,G374,L,E385,L,G374,L,G374,L,G374,L,G388,L,N386,L,G388,L,E385,L,N386,L,G388,L,G388,L,N386,L,G374,L
E,E389,L,N375,L,N386,L,N375,L,N375,L,N375,L,E389,L,--1,,E389,L,N386,L,--1,,E389,L,E389,L,--1,,N375,L
D,D390,L,E376,E,E387,E,E376,E,E376,E,E376,E,D390,L,E387,E,D390,L,E387,E,E387,E,D390,L,D390,L,E387,E,E376,E
D,D391,L,--1,,--1,,--1,,--1,,--1,,D391,L,--1,,D391,L,--1,,--1,,D391,L,D391,L,--1,,--1,
G,G392,E,K377,E,R388,E,K377,E,K377,E,K377,E,G392,L,R388,E,G392,L,R388,E,R388,E,G392,L,G392,L,R388,E,K377,E
I,I393,E,V378,E,I389,E,V378,E,V378,E,V378,E,I393,E,I389,E,I393,E,I389,E,I389,E,I393,E,I393,E,I389,E,V378,E
T,T394,E,R379,E,R390,E,R379,E,R379,E,R379,E,T394,E,R390,E,T394,E,R390,E,R390,E,T394,E,T394,E,R390,E,R379,E
I,I395,E,I380,E,I391,E,I380,E,I380,E,I380,E,I395,E,I391,E,I395,E,I391,E,I391,E,I395,E,I395,E,I391,E,I380,E
F,F396,E,F381,E,F392,E,F381,E,F381,E,F381,E,F396,E,F392,E,F396,E,F392,E,F392,E,F396,E,F396,E,F392,E,F381,E
Q,Q397,E,E382,E,E393,E,E382,E,E382,E,E382,E,Q397,E,E393,E,Q397,E,E393,E,E393,E,Q397,E,Q397,E,E393,E,E382,E
E,E398,L,E383,L,E394,L,E383,L,E383,L,E383,L,E398,L,E394,L,E398,L,E394,L,E394,L,E398,L,E398,L,E394,L,E383,L
Q,Q399,L,V384,L,V395,L,V384,L,V384,L,V384,L,Q399,L,V395,L,Q399,L,V395,L,V395,L,Q399,L,Q399,L,V395,L,V384,L
K,K400,L,K385,L,K396,L,K385,L,K385,L,K385,L,K400,L,K396,L,K400,L,K396,L,K396,L,K400,L,K400,L,K396,L,K385,L
P,P401,L,P386,L,P397,L,P386,L,P386,L,P386,L,P401,L,P397,L,P401,L,P397,L,P397,L,P401,L,P401,L,P397,L,P386,L
N,N402,L,N387,L,N398,L,N387,L,N387,L,N387,L,N402,L,N398,L,N402,L,N398,L,N398,L,N402,L,N402,L,N398,L,N387,L
S,S403,L,S388,L,S399,L,S388,L,S388,L,S388,L,S403,L,S399,L,S403,L,S399,L,S399,L,S403,L,S403,L,S399,L,S388,L
E,E404,L,E389,L,E400,L,E389,L,E389,L,E389,L,E404,L,E400,L,E404,L,E400,L,E400,L,E404,L,E404,L,E400,L,E389,L
L,L405,L,L390,L,L401,L,L390,L,L390,L,L390,L,L405,L,L401,L,L405,L,L401,L,L401,L,L405,L,L405,L,L401,L,L390,L
S,S406,L,C391,L,C402,L,C391,L,C391,L,C391,L,S406,L,C402,L,S406,L,C402,L,C402,L,S406,L,S406,L,C402,L,C391,L
C,C407,L,C392,L,C403,L,C392,L,C392,L,C392,L,C407,L,C403,L,C407,L,C403,L,C403,L,C407,L,C407,L,C403,L,C392,L
R,R408,E,K393,E,K404,E,K393,E,K393,E,K393,E,R408,E,K404,E,R408,E,K404,E,K404,E,R408,E,R408,E,K404,E,K393,E
P,P409,E,P394,E,P405,E,P394,E,P394,E,P394,E,P409,E,P405,E,P409,E,P405,E,P405,E,P409,E,P409,E,P405,E,P394,E
L,L410,E,L395,E,L406,E,L395,E,L395,E,L395,E,L410,E,L406,E,L410,E,L406,E,L406,E,L410,E,L410,E,L406,E,L395,E
C,C411,E,C396,E,C407,E,C396,E,C396,E,C396,E,C411,E,C407,E,C411,E,C407,E,C407,E,C411,E,C411,E,C407,E,C396,E
L,L412,E,L397,E,L408,E,L397,E,L397,E,L397,E,L412,E,L408,E,L412,E,L408,E,L408,E,L412,E,L412,E,L408,E,L397,E
M,M413,E,M398,E,M409,E,M398,E,M398,E,M398,E,M413,E,M409,E,M413,E,M409,E,M409,E,M413,E,M413,E,M409,E,M398,E
F,F414,L,L399,L,L410,L,L399,L,L399,L,L399,E,F414,L,L410,L,F414,L,L410,L,L410,L,F414,L,F414,L,L410,L,L399,L
V,V415,L,A400,L,A411,L,A400,L,A400,L,A400,L,V415,L,A411,L,V415,L,A411,L,A411,L,V415,L,V415,L,A411,L,A400,L
D,D416,L,D401,L,D412,L,D401,L,D401,L,D401,L,D416,L,D412,L,D416,L,D412,L,D412,L,D416,L,D416,L,D412,L,D401,L
E,E417,L,E402,L,E413,L,E402,L,E402,L,E402,L,E417,L,E413,L,E417,L,E413,L,E413,L,E417,L,E417,L,E413,L,E402,L
S,S418,L,S403,L,S414,L,S403,L,S403,L,S403,L,S418,L,S414,L,S418,L,S414,L,S414,L,S418,L,S418,L,S414,L,S403,L
D,D419,L,D404,L,D415,L,D404,L,D404,L,D404,L,D419,L,D415,L,D419,L,D415,L,D415,L,D419,L,D419,L,D415,L,D404,L
H,H420,H,H405,H,H416,H,H405,H,H405,H,H405,H,H420,H,H416,H,H420,H,H416,H,H416,H,H420,H,H420,H,H416,H,H405,H
E,E421,H,E406,H,E417,H,E406,H,E406,H,E406,H,E421,H,E417,H,E421,H,E417,H,E417,H,E421,H,E421,H,E417,H,E406,H
T,T422,H,T407,H,T418,H,T407,H,T407,H,T407,H,T422,H,T418,H,T422,H,T418,H,T418,H,T422,H,T422,H,T418,H,T407,H
L,L423,H,L408,H,L419,H,L408,H,L408,H,L408,H,L423,H,L419,H,L423,H,L419,H,L419,H,L423,H,L423,H,L419,H,L408,H
T,T424,H,T409,H,T420,H,T409,H,T409,H,T409,H,T424,H,T420,H,T424,H,T420,H,T420,H,T424,H,T424,H,T420,H,T409,H
A,A425,H,A410,H,A421,H,A410,H,A410,H,A410,H,A425,H,A421,H,A425,H,A421,H,A421,H,A425,H,A425,H,A421,H,A410,H
I,I426,H,I411,H,I422,H,I411,H,I411,H,I411,H,I426,H,I422,H,I426,H,I422,H,I422,H,I426,H,I426,H,I422,H,I411,H
L,L427,H,L412,H,L423,H,L412,H,L412,H,L412,H,L427,H,L423,H,L427,H,L423,H,L423,H,L427,H,L427,H,L423,H,L412,H
G,G428,H,S413,H,S424,H,S413,H,S413,H,S413,H,G428,H,S424,H,G428,H,S424,H,S424,H,G428,H,G428,H,S424,H,S413,H
P,P429,H,P414,H,P425,H,P414,H,P414,H,P414,H,P429,H,P425,H,P429,H,P425,H,P425,H,P429,H,P429,H,P425,H,P414,H
V,V430,H,L415,H,L426,H,L415,H,L415,H,L415,H,V430,H,L426,H,V430,H,L426,H,L426,H,V430,H,V430,H,L426,H,L415,H
V,V431,H,I416,H,I427,H,I416,H,I416,H,I416,H,V431,H,I427,H,V431,H,I427,H,I427,H,V431,H,V431,H,I427,H,I416,H
A,A432,H,A417,H,A428,H,A417,H,A417,H,A417,H,A432,H,A428,H,A432,H,A428,H,A428,H,A432,H,A432,H,A428,H,A417,H
E,E433,H,E418,H,E429,H,E418,H,E418,H,E418,H,E433,H,E429,H,E433,H,E429,H,E429,H,E433,H,E433,H,E429,H,E418,H
R,R434,H,R419,H,R430,H,R419,H,R419,H,R419,H,R434,H,R430,H,R434,H,R430,H,R430,H,R434,H,R434,H,R430,H,R419,H
K,K435,H,E420,H,E431,H,E420,H,E420,H,E420,H,K435,H,E431,H,K435,H,E431,H,E431,H,K435,H,K435,H,E431,H,E420,H
A,A436,H,A421,H,A432,H,A421,H,A421,H,A421,H,A436,H,A432,H,A436,H,A432,H,A432,H,A436,H,A436,H,A432,H,A421,H
M,M437,H,M422,H,M433,H,M422,H,M422,H,M422,H,M437,H,M433,H,M437,H,M433,H,M433,H,M437,H,M437,H,M433,H,M422,H
M,M438,H,K423,H,K434,H,K423,H,K423,H,K423,H,M438,H,K434,H,M438,H,K434,H,K434,H,M438,H,M438,H,K434,H,K423,H
E,E439,L,D424,L,N435,L,D424,L,D424,L,D424,L,E439,L,N435,L,E439,L,N435,L,N435,L,E439,L,E439,L,N435,L,D424,L
S,S440,L,S425,L,S436,L,S425,L,S425,L,S425,L,S440,L,S436,L,S440,L,S436,L,S436,L,S440,L,S440,L,S436,L,S425,L
R,R441,E,E426,E,E437,E,E426,E,E426,E,E426,E,R441,E,E437,E,R441,E,E437,E,E437,E,R441,E,R441,E,E437,E,E426,E
L,L442,E,L427,E,L438,E,L427,E,L427,E,L427,E,L442,E,L438,E,L442,E,L438,E,L438,E,L442,E,L442,E,L438,E,L427,E
I,I443,E,L428,E,L439,E,L428,E,L428,E,L428,E,I443,E,L439,E,I443,E,L439,E,L439,E,I443,E,I443,E,L439,E,L428,E
I,I444,E,L429,E,L440,E,L429,E,L429,E,L429,E,I444,E,L440,E,I444,E,L440,E,L440,E,I444,E,I444,E,L440,E,L429,E
S,S445,E,E430,E,E441,E,E430,E,E430,E,E430,E,S445,E,E441,E,S445,E,E441,E,E441,E,S445,E,S445,E,E441,E,E430,E
V,V446,E,M431,E,I442,E,M431,E,M431,E,M431,E,V446,E,I442,E,V446,E,I442,E,I442,E,V446,E,V446,E,I442,E,M431,E
G,G447,L,G432,L,G443,L,G432,L,G432,L,G432,L,G447,L,G443,L,G447,L,G443,L,G443,L,G447,L,G447,L,G443,L,G432,L
G,G448,L,G433,L,G444,L,G433,L,G433,L,G433,L,G448,L,G444,L,G448,L,G444,L,G444,L,G448,L,G448,L,G444,L,G433,L
L,L449,E,I434,E,I445,E,I434,E,I434,E,I434,E,L449,E,I445,E,L449,E,I445,E,I445,E,L449,E,L449,E,I445,E,I434,E
L,L450,E,L435,E,L446,E,L435,E,L435,E,L435,E,L450,E,L446,E,L450,E,L446,E,L446,E,L450,E,L450,E,L446,E,L435,E
R,R451,E,R436,E,R447,E,R436,E,R436,E,R436,E,R451,E,R447,E,R451,E,R447,E,R447,E,R451,E,R451,E,R447,E,R436,E
S,S452,E,T437,E,T448,E,T437,E,T437,E,T437,E,S452,E,T448,E,S452,E,T448,E,T448,E,S452,E,S452,E,T448,E,T437,E
F,F453,E,F438,E,F449,E,F438,E,F438,E,F438,E,F453,E,F449,E,F453,E,F449,E,F449,E,F453,E,F453,E,F449,E,F438,E
R,R454,E,K439,E,K450,E,K439,E,K439,E,K439,E,R454,E,K450,E,R454,E,K450,E,K450,E,R454,E,R454,E,K450,E,K439,E
F,F455,E,F440,E,F451,E,F440,E,F440,E,F440,E,F455,E,F451,E,F455,E,F451,E,F451,E,F455,E,F455,E,F451,E,F440,E
F,F456,E,I441,E,I452,E,I441,E,I441,E,I441,E,F456,E,I452,E,F456,E,I452,E,I452,E,F456,E,F456,E,I452,E,I441,E
F,F457,E,F442,E,F453,E,F442,E,F442,E,F442,E,F457,E,F453,E,F457,E,F453,E,F453,E,F457,E,F457,E,F453,E,F442,E
R,R458,E,R443,E,R454,E,R443,E,R443,E,R443,E,R458,E,R454,E,R458,E,R454,E,R454,E,R458,E,R458,E,R454,E,R443,E
G,G459,E,G444,E,G455,E,G444,E,G444,E,G444,E,G459,E,G455,E,G459,E,G455,E,G455,E,G459,E,G459,E,G455,E,G444,E
T,T460,E,T445,E,T456,E,T445,E,T445,E,T445,E,T460,E,T456,E,T460,E,T456,E,T456,E,T460,E,T460,E,T456,E,T445,E
G,G461,E,G446,E,G457,E,G446,E,G446,E,G446,E,G461,E,G457,E,G461,E,G457,E,G457,E,G461,E,G461,E,G457,E,G446,E
Y,Y462,L,Y447,E,Y458,L,Y447,E,Y447,E,Y447,E,Y462,L,Y458,L,Y462,L,Y458,L,Y458,L,Y462,L,Y462,L,Y458,E,Y447,E
D,D463,L,D448,L,D459,L,D448,L,D448,L,D448,L,D463,L,D459,L,D463,L,D459,L,D459,L,D463,L,D463,L,D459,L,D448,L
E,E464,H,E449,H,E460,H,E449,H,E449,H,E449,H,E464,H,E460,H,E464,H,E460,H,E460,H,E464,H,E464,H,E460,H,E449,H
K,K465,H,K450,H,K461,H,K450,H,K450,H,K450,H,K465,H,K461,H,K465,H,K461,H,K461,H,K465,H,K465,H,K461,H,K450,H
M,M466,H,L451,H,L462,H,L451,H,L451,H,L451,H,M466,H,L462,H,M466,H,L462,H,L462,H,M466,H,M466,H,L462,H,L451,H
V,V467,H,V452,H,V463,H,V452,H,V452,H,V452,H,V467,H,V463,H,V467,H,V463,H,V463,H,V467,H,V467,H,V463,H,V452,H
R,R468,H,R453,H,R464,H,R453,H,R453,H,R453,H,R468,H,R464,H,R468,H,R464,H,R464,H,R468,H,R468,H,R464,H,R453,H
E,E469,H,E454,H,E465,H,E454,H,E454,H,E454,H,E469,H,E465,H,E469,H,E465,H,E465,H,E469,H,E469,H,E465,H,E454,H
M,M470,H,V455,H,V466,H,V455,H,V455,H,V455,H,M470,H,V466,H,M470,H,V466,H,V466,H,M470,H,M470,H,V466,H,V455,H
E,E471,L,E456,L,E467,L,E456,L,E456,L,E456,L,E471,L,E467,L,E471,L,E467,L,E467,L,E471,L,E471,L,E467,L,E456,L
G,G472,L,G457,L,G468,L,G457,L,G457,L,G457,L,G472,L,G468,L,G472,L,G468,L,G468,L,G472,L,G472,L,G468,L,G457,L
L,L473,E,L458,E,L469,E,L458,E,L458,E,L458,E,L473,E,L469,E,L473,E,L469,E,L469,E,L473,E,L473,E,L469,E,L458,E
E,E474,L,E459,L,E470,L,E459,L,E459,L,E459,L,E474,L,E470,L,E474,L,E470,L,E470,L,E474,L,E474,L,E470,L,E459,L
A,A475,L,A460,L,A471,L,A460,L,A460,L,A460,L,A475,L,A471,L,A475,L,A471,L,A471,L,A475,L,A475,L,A471,L,A460,L
S,S476,L,S461,L,S472,L,S461,L,S461,L,S461,L,S476,L,S472,L,S476,L,S472,L,S472,L,S476,L,S476,L,S472,L,S461,L
G,G477,L,G462,L,G473,L,G462,L,G462,L,G462,L,G477,L,G473,L,G477,L,G473,L,G473,L,G477,L,G477,L,G473,L,G462,L
S,S478,L,S463,L,S474,L,S463,L,S463,L,S463,L,S478,L,S474,L,S478,L,S474,L,S474,L,S478,L,S478,L,S474,L,S463,L
T,T479,L,T464,L,T475,L,T464,L,T464,L,T464,L,T479,L,T475,L,T479,L,T475,L,T475,L,T479,L,T479,L,T475,L,T464,L
Y,Y480,E,Y465,E,Y476,E,Y465,E,Y465,E,Y465,E,Y480,E,Y476,E,Y480,E,Y476,E,Y476,E,Y480,E,Y480,E,Y476,E,Y465,E
I,I481,L,I466,L,I477,L,I466,L,I466,L,I466,L,I481,L,I477,L,I481,L,I477,L,I477,L,I481,L,I481,L,I477,L,I466,L
C,C482,L,C467,L,C478,L,C467,L,C467,L,C467,L,C482,L,C478,L,C482,L,C478,L,C478,L,C482,L,C482,L,C478,L,C467,L
T,T483,L,T468,L,T479,L,T468,L,T468,L,T468,L,T483,L,T479,L,T483,L,T479,L,T479,L,T483,L,T483,L,T479,L,T468,L
L,L484,L,L469,L,L480,L,L469,L,L469,L,L469,L,L484,L,L480,L,L484,L,L480,L,L480,L,L484,L,L484,L,L480,L,L469,L
C,C485,L,C470,L,C481,L,C470,L,C470,L,C470,L,C485,L,C481,L,C485,L,C481,L,C481,L,C485,L,C485,L,C481,L,C470,L
D,D486,L,D471,L,D482,L,D471,L,D471,L,D471,L,D486,L,D482,L,D486,L,D482,L,D482,L,D486,L,D486,L,D482,L,D471,L
S,S487,L,A472,L,A483,L,A472,L,A472,L,A472,L,S487,L,A483,L,S487,L,A483,L,A483,L,S487,L,S487,L,A483,L,A472,L
T,T488,E,T473,E,T484,E,T473,E,T473,E,T473,E,T488,E,T484,E,T488,E,T484,E,T484,E,T488,E,T488,E,T484,E,T473,E
R,R489,H,R474,H,R485,H,R474,H,R474,H,R474,H,R489,H,R485,H,R489,H,R485,H,R485,H,R489,H,R489,H,R485,H,R474,H
A,A490,H,L475,H,L486,H,L475,H,L475,H,L475,H,A490,H,L486,H,A490,H,L486,H,L486,H,A490,H,A490,H,L486,H,L475,H
E,E491,H,E476,H,E487,H,E476,H,E476,H,E476,H,E491,H,E487,H,E491,H,E487,H,E487,H,E491,H,E491,H,E487,H,E476,H
A,A492,H,A477,H,A488,H,A477,H,A477,H,A477,H,A492,H,A488,H,A492,H,A488,H,A488,H,A492,H,A492,H,A488,H,A477,H
S,S493,H,S478,H,S489,H,S478,H,S478,H,S478,H,S493,H,S489,H,S493,H,S489,H,S489,H,S493,H,S493,H,S489,H,S478,H
Q,Q494,H,Q479,H,Q490,H,Q479,H,Q479,H,Q479,H,Q494,H,Q490,H,Q494,H,Q490,H,Q490,H,Q494,H,Q494,H,Q490,H,Q479,H
N,N495,L,N480,L,N491,L,N480,L,N480,L,N480,L,N495,L,N491,L,N495,L,N491,L,N491,L,N495,L,N495,L,N491,L,N480,L
M,M496,L,L481,L,L492,L,L481,L,L481,L,L481,L,M496,L,L492,L,M496,L,L492,L,L492,L,M496,L,M496,L,L492,L,L481,L
V,V497,L,V482,L,V493,L,V482,L,V482,L,V482,L,V497,L,V493,L,V497,L,V493,L,V493,L,V497,L,V497,L,V493,L,V482,L
L,L498,L,F483,L,F494,L,F483,L,F483,L,F483,L,L498,L,F494,L,L498,L,F494,L,F494,L,L498,L,L498,L,F494,L,F483,L
H,H499,L,H484,L,H495,L,H484,L,H484,L,H484,L,H499,L,H495,L,H499,L,H495,L,H495,L,H499,L,H499,L,H495,L,H484,L
S,S500,L,S485,L,S496,L,S485,L,S485,L,S485,L,S500,L,S496,L,S500,L,S496,L,S496,L,S500,L,S500,L,S496,L,S485,L
I,I501,L,I486,L,I497,L,I486,L,I486,L,I486,L,I501,L,I497,L,I501,L,I497,L,I497,L,I501,L,I501,L,I497,L,I486,L
T,T502,L,T487,L,T498,L,T487,L,T487,L,T487,L,T502,L,T498,L,T502,L,T498,L,T498,L,T502,L,T502,L,T498,L,T487,L
R,R503,L,R488,L,R499,L,R488,L,R488,L,R488,L,R503,L,R499,L,R503,L,R499,L,R499,L,R503,L,R503,L,R499,L,R488,L
S,S504,L,S489,L,S500,L,S489,L,S489,L,S489,L,S504,L,S500,L,S504,L,S500,L,S500,L,S504,L,S504,L,S500,L,S489,L
H,H505,H,H490,H,H501,H,H490,H,H490,H,H490,H,H505,H,H501,H,H505,H,H501,H,H501,H,H505,H,H505,H,H501,H,H490,H
D,D506,H,A491,H,A502,H,A491,H,A491,H,A491,H,D506,H,A502,H,D506,H,A502,H,A502,H,D506,H,D506,H,A502,H,A491,H
E,E507,H,E492,H,E503,H,E492,H,E492,H,E492,H,E507,H,E503,H,E507,H,E503,H,E503,H,E507,H,E507,H,E503,H,E492,H
N,N508,H,N493,H,N504,H,N493,H,N493,H,N493,H,N508,H,N504,H,N508,H,N504,H,N504,H,N508,H,N508,H,N504,H,N493,H
L,L509,H,L494,H,L505,H,L494,H,L494,H,L494,H,L509,H,L505,H,L509,H,L505,H,L505,H,L509,H,L509,H,L505,H,L494,H
E,E510,H,E495,H,E506,H,E495,H,E495,H,E495,H,E510,H,E506,H,E510,H,E506,H,E506,H,E510,H,E510,H,E506,H,E495,H
R,R511,H,R496,H,R507,H,R496,H,R496,H,R496,H,R511,H,R507,H,R511,H,R507,H,R507,H,R511,H,R511,H,R507,H,R496,H
Y,Y512,H,Y497,H,Y508,H,Y497,H,Y497,H,Y497,H,Y512,H,Y508,H,Y512,H,Y508,H,Y508,H,Y512,H,Y512,H,Y508,H,Y497,H
E,E513,H,E498,H,E509,H,E498,H,E498,H,E498,H,E513,H,E509,H,E513,H,E509,H,E509,H,E513,H,E513,H,E509,H,E498,H
I,I514,H,I499,H,I510,H,I499,H,I499,H,I499,H,I514,H,I510,H,I514,H,I510,H,I510,H,I514,H,I514,H,I510,H,I499,H
W,W515,H,W500,H,W511,H,W500,H,W500,H,W500,H,W515,H,W511,H,W515,H,W511,H,W511,H,W515,H,W515,H,W511,H,W500,H
R,R516,H,R501,H,R512,H,R501,H,R501,H,R501,H,R516,H,R512,H,R516,H,R512,H,R512,H,R516,H,R516,H,R512,H,R501,H
K,K517,H,S502,H,S513,H,S502,H,S502,H,S502,H,K517,H,S513,H,K517,H,S513,H,S513,H,K517,H,K517,H,S513,H,S502,H
N,N518,L,N503,L,N514,L,N503,L,N503,L,N503,L,N518,L,N514,L,N518,L,N514,L,N514,L,N518,L,N518,L,N514,L,N503,L
P,P519,L,P504,L,P515,L,P504,L,P504,L,P504,L,P519,L,P515,L,P519,L,P515,L,P515,L,P519,L,P519,L,P515,L,P504,L
F,F520,L,Y505,L,Y516,L,Y505,L,Y505,L,Y505,L,F520,L,Y516,L,F520,L,Y516,L,Y516,L,F520,L,F520,L,Y516,L,Y505,L
S,S521,L,H506,L,H517,L,H506,L,H506,L,H506,L,S521,L,H517,L,S521,L,H517,L,H517,L,S521,L,S521,L,H517,L,H506,L
E,E522,L,E507,L,E518,L,E507,L,E507,L,E507,L,E522,L,E518,L,E522,L,E518,L,E518,L,E522,L,E522,L,E518,L,E507,L
S,S523,L,S508,L,S519,L,S508,L,S508,L,S508,L,S523,L,S519,L,S523,L,S519,L,S519,L,S523,L,S523,L,S519,L,S508,L
A,A524,H,V509,H,V520,H,V509,H,V509,H,V509,H,A524,H,V520,H,A524,H,V520,H,V520,H,A524,H,A524,H,V520,H,V509,H
D,D525,H,D510,H,D521,H,D510,H,D510,H,D510,H,D525,H,D521,H,D525,H,D521,H,D521,H,D525,H,D525,H,D521,H,D510,H
E,E526,H,E511,H,E522,H,E511,H,E511,H,E511,H,E526,H,E522,H,E526,H,E522,H,E522,H,E526,H,E526,H,E522,H,E511,H
L,L527,H,L512,H,L523,H,L512,H,L512,H,L512,H,L527,H,L523,H,L527,H,L523,H,L523,H,L527,H,L527,H,L523,H,L512,H
R,R528,H,R513,H,R524,H,R513,H,R513,H,R513,H,R528,H,R524,H,R528,H,R524,H,R524,H,R528,H,R528,H,R524,H,R513,H
D,D529,H,D514,H,D525,H,D514,H,D514,H,D514,H,D529,H,D525,H,D529,H,D525,H,D525,H,D529,H,D529,H,D525,H,D514,H
R,R530,H,R515,H,R526,H,R515,H,R515,H,R515,H,R530,H,R526,H,R530,H,R526,H,R526,H,R530,H,R530,H,R526,H,R515,H
V,V531,L,V516,L,V527,L,V516,L,V516,L,V516,L,V531,L,V527,L,V531,L,V527,L,V527,L,V531,L,V531,L,V527,L,V516,L
K,K532,L,K517,L,K528,L,K517,L,K517,L,K517,L,K532,L,K528,L,K532,L,K528,L,K528,L,K532,L,K532,L,K528,L,K517,L
G,G533,L,G518,L,G529,L,G518,L,G518,L,G518,L,G533,L,G529,L,G533,L,G529,L,G529,L,G533,L,G533,L,G529,L,G518,L
V,V534,E,V519,E,V530,E,V519,E,V519,E,V519,E,V534,E,V530,E,V534,E,V530,E,V530,E,V534,E,V534,E,V530,E,V519,E
S,S535,L,S520,L,S531,L,S520,L,S520,L,S520,L,S535,L,S531,L,S535,L,S531,L,S531,L,S535,L,S535,L,S531,L,S520,L
A,A536,L,A521,L,A532,L,A521,L,A521,L,A521,L,A536,L,A532,L,A536,L,A532,L,A532,L,A536,L,A536,L,A532,L,A521,L
K,K537,L,K522,L,K533,L,K522,L,K522,L,K522,L,K537,L,K533,L,K537,L,K533,L,K533,L,K537,L,K537,L,K533,L,K522,L
P,P538,L,P523,L,P534,L,P523,L,P523,L,P523,L,P538,L,P534,L,P538,L,P534,L,P534,L,P538,L,P538,L,P534,L,P523,L
F,F539,L,F524,L,F535,L,F524,L,F524,L,F524,L,F539,L,F535,L,F539,L,F535,L,F535,L,F539,L,F539,L,F535,L,F524,L
M,M540,L,I525,L,I536,L,I525,L,I525,L,I525,L,M540,L,I536,L,M540,L,I536,L,I536,L,M540,L,M540,L,I536,L,I525,L
E,E541,L,E526,L,E537,L,E526,L,E526,L,E526,L,E541,L,E537,L,E541,L,E537,L,E537,L,E541,L,E541,L,E537,L,E526,L
T,T542,L,T527,L,T538,L,T527,L,T527,L,T527,L,T542,L,T538,L,T542,L,T538,L,T538,L,T542,L,T542,L,T538,L,T527,L
Q,Q543,L,V528,L,V539,L,V528,L,V528,L,V528,L,Q543,L,V539,L,Q543,L,V539,L,V539,L,Q543,L,Q543,L,V539,L,V528,L
P,P544,L,P529,L,P540,L,P529,L,P529,L,P529,L,P544,L,P540,L,P544,L,P540,L,P540,L,P544,L,P544,L,P540,L,P529,L
T,T545,L,S530,L,S541,L,S530,L,S530,L,S530,L,T545,L,S541,L,T545,L,S541,L,S541,L,T545,L,T545,L,S541,L,S530,L
L,L546,L,I531,L,I542,L,I531,L,I531,L,I531,L,L546,L,I542,L,L546,L,I542,L,I542,L,L546,L,L546,L,I542,L,I531,L
D,D547,L,D532,L,D543,L,D532,L,D532,L,D532,L,D547,L,D543,L,D547,L,D543,L,D543,L,D547,L,D547,L,D543,L,D532,L
A,A548,H,A533,H,A544,H,A533,H,A533,H,A533,H,A548,H,A544,H,A548,H,A544,H,A544,H,A548,H,A548,H,A544,H,A533,H
L,L549,H,L534,H,L545,H,L534,H,L534,H,L534,H,L549,H,L545,H,L549,H,L545,H,L545,H,L549,H,L549,H,L545,H,L534,H
H,H550,H,H535,H,H546,H,H535,H,H535,H,H535,H,H550,H,H546,H,H550,H,H546,H,H546,H,H550,H,H550,H,H546,H,H535,H
C,C551,H,C536,H,C547,H,C536,H,C536,H,C536,H,C551,H,C547,H,C551,H,C547,H,C547,H,C551,H,C551,H,C547,H,C536,H
D,D552,H,D537,H,D548,H,D537,H,D537,H,D537,H,D552,H,D548,H,D552,H,D548,H,D548,H,D552,H,D552,H,D548,H,D537,H
I,I553,H,I538,H,I549,H,I538,H,I538,H,I538,H,I553,H,I549,H,I553,H,I549,H,I549,H,I553,H,I553,H,I549,H,I538,H
G,G554,H,G539,H,G550,H,G539,H,G539,H,G539,H,G554,H,G550,H,G554,H,G550,H,G550,H,G554,H,G554,H,G550,H,G539,H
N,N555,H,N540,H,N551,H,N540,H,N540,H,N540,H,N555,H,N551,H,N555,H,N551,H,N551,H,N555,H,N555,H,N551,H,N540,H
A,A556,H,A541,H,A552,H,A541,H,A541,H,A541,H,A556,H,A552,H,A556,H,A552,H,A552,H,A556,H,A556,H,A552,H,A541,H
T,T557,H,T542,H,T553,H,T542,H,T542,H,T542,H,T557,H,T553,H,T557,H,T553,H,T553,H,T557,H,T557,H,T553,H,T542,H
E,E558,H,E543,H,E554,H,E543,H,E543,H,E543,H,E558,H,E554,H,E558,H,E554,H,E554,H,E558,H,E558,H,E554,H,E543,H
F,F559,H,F544,H,F555,H,F544,H,F544,H,F544,H,F559,H,F555,H,F559,H,F555,H,F555,H,F559,H,F559,H,F555,H,F544,H
Y,Y560,H,Y545,H,Y556,H,Y545,H,Y545,H,Y545,H,Y560,H,Y556,H,Y560,H,Y556,H,Y556,H,Y560,H,Y560,H,Y556,H,Y545,H
K,K561,H,R546,H,R557,H,R546,H,R546,H,R546,H,K561,H,R557,H,K561,H,R557,H,R557,H,K561,H,K561,H,R557,H,R546,H
I,I562,H,I547,H,I558,H,I547,H,I547,H,I547,H,I562,H,I558,H,I562,H,I558,H,I558,H,I562,H,I562,H,I558,H,I547,H
F,F563,H,F548,H,F559,H,F548,H,F548,H,F548,H,F563,H,F559,H,F563,H,F559,H,F559,H,F563,H,F563,H,F559,H,F548,H
Q,Q564,H,Q549,H,Q560,H,Q549,H,Q549,H,Q549,H,Q564,H,Q560,H,Q564,H,Q560,H,Q560,H,Q564,H,Q564,H,Q560,H,Q549,H
D,D565,H,M550,H,M561,H,M550,H,M550,H,M550,H,D565,H,M561,H,D565,H,M561,H,M561,H,D565,H,D565,H,M561,H,M550,H
E,E566,H,E551,H,E562,H,E551,H,E551,H,E551,H,E566,H,E562,H,E566,H,E562,H,E562,H,E566,H,E566,H,E562,H,E551,H
I,I567,H,I552,H,I563,H,I552,H,I552,H,I552,H,I567,H,I563,H,I567,H,I563,H,I563,H,I567,H,I567,H,I563,H,I552,H
G,G568,L,G553,L,G564,L,G553,L,G553,L,G553,L,G568,L,G564,L,G568,L,G564,L,G564,L,G568,L,G568,L,G564,L,G553,L
E,E569,L,E554,L,E565,L,E554,L,E554,L,E554,L,E569,L,E565,L,E569,L,E565,L,E565,L,E569,L,E569,L,E565,L,E554,L
V,V570,L,V555,L,V566,L,V555,L,V555,L,V555,L,V570,L,V566,L,V570,L,V566,L,V566,L,V570,L,V570,L,V566,L,V555,L
Y,Y571,L,Y556,L,Y567,L,Y556,L,Y556,L,Y556,L,Y571,L,Y567,L,Y571,L,Y567,L,Y567,L,Y571,L,Y571,L,Y567,L,Y556,L
Q,Q572,L,K557,L,K568,L,K557,L,K557,L,K557,L,Q572,L,K568,L,Q572,L,K568,L,K568,L,Q572,L,Q572,L,K568,L,K557,L
K,K573,L,N558,L,N569,L,N558,L,N558,L,N558,L,K573,L,N569,L,K573,L,N569,L,N569,L,K573,L,K573,L,N569,L,N558,L
P,P574,L,P559,L,P570,L,P559,L,P559,L,P559,L,P574,L,P570,L,P574,L,P570,L,P570,L,P574,L,P574,L,P570,L,P559,L
N,N575,L,D560,L,D571,L,D560,L,D560,L,D560,L,N575,L,D571,L,N575,L,D571,L,D571,L,N575,L,N575,L,D571,L,D560,L
P,P576,L,V561,L,A572,L,V561,L,V561,L,V561,L,P576,L,A572,L,P576,L,A572,L,A572,L,P576,L,P576,L,A572,L,V561,L
S,S577,L,S562,L,T573,L,S562,L,S562,L,S562,L,S577,L,T573,L,S577,L,T573,L,T573,L,S577,L,S577,L,T573,L,S562,L
R,R578,H,K563,H,K574,H,K563,H,K563,H,K563,H,R578,H,K574,H,R578,H,K574,H,K574,H,R578,H,R578,H,K574,H,K563,H
E,E579,H,E564,H,E575,H,E564,H,E564,H,E564,H,E579,H,E575,H,E579,H,E575,H,E575,H,E579,H,E579,H,E575,H,E564,H
E,E580,H,E565,H,E576,H,E565,H,E565,H,E565,H,E580,H,E576,H,E580,H,E576,H,E576,H,E580,H,E580,H,E576,H,E565,H
R,R581,H,R566,H,R577,H,R566,H,R566,H,R566,H,R581,H,R577,H,R581,H,R577,H,R577,H,R581,H,R581,H,R577,H,R566,H
R,R582,H,K567,H,K578,H,K567,H,K567,H,K567,H,R582,H,K578,H,R582,H,K578,H,K578,H,R582,H,R582,H,K578,H,K567,H
R,R583,H,R568,H,R579,H,R568,H,R568,H,R568,H,R583,H,R579,H,R583,H,R579,H,R579,H,R583,H,R583,H,R579,H,R568,H
W,W584,H,W569,H,W580,H,W569,H,W569,H,W569,H,W584,H,W580,H,W584,H,W580,H,W580,H,W584,H,W584,H,W580,H,W569,H
R,R585,H,Q570,H,Q581,H,Q570,H,Q570,H,Q570,H,R585,H,Q581,H,R585,H,Q581,H,Q581,H,R585,H,R585,H,Q581,H,Q570,H
S,S586,H,L571,H,L582,H,L571,H,L571,H,L571,H,S586,H,L582,H,S586,H,L582,H,L582,H,S586,H,S586,H,L582,H,L571,H
T,T587,H,T572,H,T583,H,T572,H,T572,H,T572,H,T587,H,T583,H,T587,H,T583,H,T583,H,T587,H,T587,H,T583,H,T572,H
L,L588,H,L573,H,L584,H,L573,H,L573,H,L573,H,L588,H,L584,H,L588,H,L584,H,L584,H,L588,H,L588,H,L584,H,L573,H
D,D589,H,D574,H,D585,H,D574,H,D574,H,D574,H,D589,H,D585,H,D589,H,D585,H,D585,H,D589,H,D589,H,D585,H,D574,H
K,K590,H,K575,H,K586,H,K575,H,K575,H,K575,H,K590,H,K586,H,K590,H,K586,H,K586,H,K590,H,K590,H,K586,H,K575,H
Q,Q591,H,H576,H,H587,H,H576,H,H576,H,H576,H,Q591,H,H587,H,Q591,H,H587,H,H587,H,Q591,H,Q591,H,H587,H,H576,H
L,L592,H,L577,H,L588,H,L577,H,L577,H,L577,H,L592,H,L588,H,L592,H,L588,H,L588,H,L592,H,L592,H,L588,H,L577,H
R,R593,H,R578,H,R589,H,R578,H,R578,H,R578,H,R593,H,R589,H,R593,H,R589,H,R589,H,R593,H,R593,H,R589,H,R578,H
K,K594,H,K579,H,K590,H,K579,H,K579,H,K579,H,K594,H,K590,H,K594,H,K590,H,K590,H,K594,H,K594,H,K590,H,K579,H
K,K595,H,K580,H,K591,H,K580,H,K580,H,K580,H,K595,H,K591,H,K595,H,K591,H,K591,H,K595,H,K595,H,K591,H,K580,H
M,M596,H,M581,L,M592,L,M581,L,M581,L,M581,L,M596,H,M592,L,M596,H,M592,L,M592,L,M596,H,M596,H,M592,L,M581,L
K,K597,L,N582,L,K593,L,N582,L,N582,L,N582,L,K597,L,K593,L,K597,L,K593,L,K593,L,K597,L,K597,L,K593,L,N582,L
L,L598,L,L583,L,L594,L,L583,L,L583,L,L583,L,L598,L,L594,L,L598,L,L594,L,L594,L,L598,L,L598,L,L594,L,L583,L
K,K599,L,K584,L,K595,L,K584,L,K584,L,K584,L,K599,L,K595,L,K599,L,K595,L,K595,L,K599,L,K599,L,K595,L,K584,L
P,P600,L,P585,L,P596,L,P585,L,P585,L,P585,L,P600,L,P596,L,P600,L,P596,L,P596,L,P600,L,P600,L,P596,L,P585,L
V,V601,L,M586,L,M597,L,M586,L,M586,L,M586,L,V601,L,M597,L,V601,L,M597,L,M597,L,V601,L,V601,L,M597,L,M586,L
M,M602,L,M587,L,M598,L,M587,L,M587,L,M587,L,M602,L,M598,L,M602,L,M598,L,M598,L,M602,L,M602,L,M598,L,M587,L
R,R603,L,R588,L,R599,L,R588,L,R588,L,R588,L,R603,L,R599,L,R603,L,R599,L,R599,L,R603,L,R603,L,R599,L,R588,L
M,M604,L,M589,L,M600,L,M589,L,M589,L,M589,L,M604,L,M600,L,M604,L,M600,L,M600,L,M604,L,M604,L,M600,L,M589,L
N,N605,L,S590,L,S601,L,S590,L,S590,L,S590,L,N605,L,S601,L,N605,L,S601,L,S601,L,N605,L,N605,L,S601,L,S590,L
G,G606,H,G591,H,G602,H,G591,H,G591,H,G591,H,G606,H,G602,H,G606,H,G602,H,G602,H,G606,H,G606,H,G602,H,G591,H
N,N607,H,N592,H,N603,H,N592,H,N592,H,N592,H,N607,H,N603,H,N607,H,N603,H,N603,H,N607,H,N607,H,N603,H,N592,H
Y,Y608,H,F593,H,F604,H,F593,H,F593,H,F593,H,Y608,H,F604,H,Y608,H,F604,H,F604,H,Y608,H,Y608,H,F604,H,F593,H
A,A609,H,A594,H,A605,H,A594,H,A594,H,A594,H,A609,H,A605,H,A609,H,A605,H,A605,H,A609,H,A609,H,A605,H,A594,H
R,R610,H,R595,H,R606,H,R595,H,R595,H,R595,H,R610,H,R606,H,R610,H,R606,H,R606,H,R610,H,R610,H,R606,H,R595,H
R,R611,H,K596,H,K607,H,K596,H,K596,H,K596,H,R611,H,K607,H,R611,H,K607,H,K607,H,R611,H,R611,H,K607,H,K596,H
L,L612,H,L597,H,L608,H,L597,H,L597,H,L597,H,L612,H,L608,H,L612,H,L608,H,L608,H,L612,H,L612,H,L608,H,L597,H
M,M613,L,M598,L,M609,L,M598,L,M598,L,M598,L,M613,L,M609,L,M613,L,M609,L,M609,L,M613,L,M613,L,M609,L,M598,L
T,T614,L,S599,L,S610,L,S599,L,S599,L,S599,L,T614,L,S610,L,T614,L,S610,L,S610,L,T614,L,T614,L,S610,L,S599,L
R,R615,H,K600,H,K611,H,K600,H,K600,H,K600,H,R615,H,K611,H,R615,H,K611,H,K611,H,R615,H,R615,H,K611,H,K600,H
E,E616,H,E601,H,E612,H,E601,H,E601,H,E601,H,E616,H,E612,H,E616,H,E612,H,E612,H,E616,H,E616,H,E612,H,E601,H
A,A617,H,T602,H,T613,H,T602,H,T602,H,T602,H,A617,H,T613,H,A617,H,T613,H,T613,H,A617,H,A617,H,T613,H,T602,H
V,V618,H,V603,H,V614,H,V603,H,V603,H,V603,H,V618,H,V614,H,V618,H,V614,H,V614,H,V618,H,V618,H,V614,H,V603,H
E,E619,H,E604,H,E615,H,E604,H,E604,H,E604,H,E619,H,E615,H,E619,H,E615,H,E615,H,E619,H,E619,H,E615,H,E604,H
A,A620,H,A605,H,A616,H,A605,H,A605,H,A605,H,A620,H,A616,H,A620,H,A616,H,A616,H,A620,H,A620,H,A616,H,A605,H
V,V621,H,V606,H,V617,H,V606,H,V606,H,V606,H,V621,H,V617,H,V621,H,V617,H,V617,H,V621,H,V621,H,V617,H,V606,H
C,C622,H,C607,H,C618,H,C607,H,C607,H,C607,H,C622,H,C618,H,C622,H,C618,H,C618,H,C622,H,C622,H,C618,H,C607,H
E,E623,L,E608,L,E619,L,E608,L,E608,L,E608,L,E623,L,E619,L,E623,L,E619,L,E619,L,E623,L,E623,L,E619,L,E608,L
L,L624,H,L609,H,L620,H,L609,H,L609,H,L609,H,L624,H,L620,H,L624,H,L620,H,L620,H,L624,H,L624,H,L620,H,L609,H
V,V625,L,I610,L,I621,L,I610,L,I610,L,I610,L,V625,L,I621,L,V625,L,I621,L,I621,L,V625,L,V625,L,I621,L,I610,L
P,P626,L,K611,L,K622,L,K611,L,K611,L,K611,L,P626,L,K622,L,P626,L,K622,L,K622,L,P626,L,P626,L,K622,L,K611,L
S,S627,L,C612,L,C623,L,C612,L,C612,L,C612,L,S627,L,C623,L,S627,L,C623,L,C623,L,S627,L,S627,L,C623,L,C612,L
E,E628,H,E613,H,E624,H,E613,H,E613,H,E613,H,E628,H,E624,H,E628,H,E624,H,E624,H,E628,H,E628,H,E624,H,E613,H
E,E629,H,E614,H,E625,H,E614,H,E614,H,E614,H,E629,H,E625,H,E629,H,E625,H,E625,H,E629,H,E629,H,E625,H,E614,H
R,R630,H,R615,H,R626,H,R615,H,R615,H,R615,H,R630,H,R626,H,R630,H,R626,H,R626,H,R630,H,R630,H,R626,H,R615,H
R,R631,H,H616,H,H627,H,H616,H,H616,H,H616,H,R631,H,H627,H,R631,H,H627,H,H627,H,R631,H,R631,H,H627,H,H616,H
E,E632,H,E617,H,E628,H,E617,H,E617,H,E617,H,E632,H,E628,H,E632,H,E628,H,E628,H,E632,H,E632,H,E628,H,E617,H
A,A633,H,A618,H,A629,H,A618,H,A618,H,A618,H,A633,H,A629,H,A633,H,A629,H,A629,H,A633,H,A633,H,A629,H,A618,H
L,L634,H,L619,H,L630,H,L619,H,L619,H,L619,H,L634,H,L630,H,L634,H,L630,H,L630,H,L634,H,L634,H,L630,H,L619,H
L,L635,H,K620,H,K631,H,K620,H,K620,H,K620,H,L635,H,K631,H,L635,H,K631,H,K631,H,L635,H,L635,H,K631,H,K620,H
K,K636,H,E621,H,E632,H,E621,H,E621,H,E621,H,K636,H,E632,H,K636,H,E632,H,E632,H,K636,H,K636,H,E632,H,E621,H
L,L637,H,L622,H,L633,H,L622,H,L622,H,L622,H,L637,H,L633,H,L637,H,L633,H,L633,H,L637,H,L637,H,L633,H,L622,H
M,M638,H,M623,H,M634,H,M623,H,M623,H,M623,H,M638,H,M634,H,M638,H,M634,H,M634,H,M638,H,M638,H,M634,H,M623,H
D,D639,H,D624,H,D635,H,D624,H,D624,H,D624,H,D639,H,D635,H,D639,H,D635,H,D635,H,D639,H,D639,H,D635,H,D624,H
L,L640,H,L625,H,L636,H,L625,H,L625,H,L625,H,L640,H,L636,H,L640,H,L636,H,L636,H,L640,H,L640,H,L636,H,L625,H
Y,Y641,H,Y626,H,Y637,H,Y626,H,Y626,H,Y626,H,Y641,H,Y637,H,Y641,H,Y637,H,Y637,H,Y641,H,Y641,H,Y637,H,Y626,H
L,L642,H,L627,H,L638,H,L627,H,L627,H,L627,H,L642,H,L638,H,L642,H,L638,H,L638,H,L642,H,L642,H,L638,H,L627,H
Q,Q643,H,K628,H,K639,H,K628,H,K628,H,K628,H,Q643,H,K639,H,Q643,H,K639,H,K639,H,Q643,H,Q643,H,K639,H,K628,H
M,M644,H,M629,H,M640,H,M629,H,M629,H,M629,H,M644,H,M640,H,M644,H,M640,H,M640,H,M644,H,M644,H,M640,H,M629,H
K,K645,H,K630,H,K641,H,K630,H,K630,H,K630,H,K645,H,K641,H,K645,H,K641,H,K641,H,K645,H,K645,H,K641,H,K630,H
P,P646,H,P631,H,P642,H,P631,H,P631,H,P631,H,P646,H,P642,H,P646,H,P642,H,P642,H,P646,H,P646,H,P642,H,P631,H
V,V647,H,V632,H,V643,H,V632,H,V632,H,V632,H,V647,H,V643,H,V647,H,V643,H,V643,H,V647,H,V647,H,V643,H,V632,H
W,W648,H,W633,H,W644,H,W633,H,W633,H,W633,H,W648,H,W644,H,W648,H,W644,H,W644,H,W648,H,W648,H,W644,H,W633,H
R,R649,H,R634,H,R645,H,R634,H,R634,H,R634,H,R649,H,R645,H,R649,H,R645,H,R645,H,R649,H,R649,H,R645,H,R634,H
S,S650,L,S635,L,S646,L,S635,L,S635,L,S635,L,S650,L,S646,L,S650,L,S646,L,S646,L,S650,L,S650,L,S646,L,S635,L
T,T651,L,S636,L,S647,L,S636,L,S636,L,S636,L,T651,L,S647,L,T651,L,S647,L,S647,L,T651,L,T651,L,S647,L,S636,L
C,C652,L,C637,L,C648,L,C637,L,C637,L,C637,L,C652,L,C648,L,C652,L,C648,L,C648,L,C652,L,C652,L,C648,L,C637,L
P,P653,H,P638,H,P649,H,P638,H,P638,H,P638,H,P653,H,P649,H,P653,H,P649,H,P649,H,P653,H,P653,H,P649,H,P638,H
S,S654,H,A639,H,A650,H,A639,H,A639,H,A639,H,S654,H,A650,H,S654,H,A650,H,A650,H,S654,H,S654,H,A650,H,A639,H
R,R655,H,K640,H,K651,H,K640,H,K640,H,K640,H,R655,H,K651,H,R655,H,K651,H,K651,H,R655,H,R655,H,K651,H,K640,H
D,D656,H,E641,H,E652,H,E641,H,E641,H,E641,H,D656,H,E652,H,D656,H,E652,H,E652,H,D656,H,D656,H,E652,H,E641,H
C,C657,L,C642,L,C653,L,C642,L,C642,L,C642,L,C657,L,C653,L,C657,L,C653,L,C653,L,C657,L,C657,L,C653,L,C642,L
P,P658,H,P643,H,P654,H,P643,H,P643,H,P643,H,P658,H,P654,H,P658,H,P654,H,P654,H,P658,H,P658,H,P654,H,P643,H
D,D659,H,E644,H,E655,H,E644,H,E644,H,E644,H,D659,H,E655,H,D659,H,E655,H,E655,H,D659,H,D659,H,E655,H,E644,H
Q,Q660,H,L645,H,L656,H,L645,H,L645,H,L645,H,Q660,H,L656,H,Q660,H,L656,H,L656,H,Q660,H,Q660,H,L656,H,L645,H
L,L661,H,L646,H,L657,H,L646,H,L646,H,L646,H,L661,H,L657,H,L661,H,L657,H,L657,H,L661,H,L661,H,L657,H,L646,H
C,C662,H,C647,H,C658,H,C647,H,C647,H,C647,H,C662,H,C658,H,C662,H,C658,H,C658,H,C662,H,C662,H,C658,H,C647,H
Q,Q663,L,Q648,L,Q659,L,Q648,L,Q648,L,Q648,L,Q663,L,Q659,L,Q663,L,Q659,L,Q659,L,Q663,L,Q663,L,Q659,L,Q648,L
Y,Y664,H,Y649,H,Y660,H,Y649,H,Y649,H,Y649,H,Y664,H,Y660,H,Y664,H,Y660,H,Y660,H,Y664,H,Y664,H,Y660,H,Y649,H
S,S665,H,S650,H,S661,H,S650,H,S650,H,S650,H,S665,H,S661,H,S665,H,S661,H,S661,H,S665,H,S665,H,S661,H,S650,H
Y,Y666,H,Y651,H,Y662,H,Y651,H,Y651,H,Y651,H,Y666,H,Y662,H,Y666,H,Y662,H,Y662,H,Y666,H,Y666,H,Y662,H,Y651,H
N,N667,H,N652,H,N663,H,N652,H,N652,H,N652,H,N667,H,N663,H,N667,H,N663,H,N663,H,N667,H,N667,H,N663,H,N652,H
S,S668,H,S653,H,S664,H,S653,H,S653,H,S653,H,S668,H,S664,H,S668,H,S664,H,S664,H,S668,H,S668,H,S664,H,S653,H
Q,Q669,H,Q654,H,Q665,H,Q654,H,Q654,H,Q654,H,Q669,H,Q665,H,Q669,H,Q665,H,Q665,H,Q669,H,Q669,H,Q665,H,Q654,H
Q,Q670,H,R655,H,R666,H,R655,H,R655,H,R655,H,Q670,H,R666,H,Q670,H,R666,H,R666,H,Q670,H,Q670,H,R666,H,R655,H
F,F671,H,F656,H,F667,H,F656,H,F656,H,F656,H,F671,H,F667,H,F671,H,F667,H,F667,H,F671,H,F671,H,F667,H,F656,H
A,A672,H,A657,H,A668,H,A657,H,A657,H,A657,H,A672,H,A668,H,A672,H,A668,H,A668,H,A672,H,A672,H,A668,H,A657,H
D,D673,H,E658,H,E669,H,E658,H,E658,H,E658,H,D673,H,E669,H,D673,H,E669,H,E669,H,D673,H,D673,H,E669,H,E658,H
L,L674,H,L659,H,L670,H,L659,H,L659,H,L659,H,L674,H,L670,H,L674,H,L670,H,L670,H,L674,H,L674,H,L670,H,L659,H
L,L675,H,L660,H,L671,H,L660,H,L660,H,L660,H,L675,H,L671,H,L675,H,L671,H,L671,H,L675,H,L675,H,L671,H,L660,H
S,S676,H,S661,H,S672,H,S661,H,S661,H,S661,H,S676,H,S672,H,S676,H,S672,H,S672,H,S676,H,S676,H,S672,H,S661,H
S,S677,H,T662,H,T673,H,T662,H,T662,H,T662,H,S677,H,T673,H,S677,H,T673,H,T673,H,S677,H,S677,H,T673,H,T662,H
M,M678,L,K663,L,K674,L,K663,L,K663,L,K663,L,M678,L,K674,L,M678,L,K674,L,K674,L,M678,L,M678,L,K674,L,K663,L
F,F679,L,F664,L,F675,L,F664,L,F664,L,F664,L,F679,L,F675,L,F679,L,F675,L,F675,L,F679,L,F679,L,F675,L,F664,L
K,K680,H,K665,H,K676,H,K665,H,K665,H,K665,H,K680,H,K676,H,K680,H,K676,H,K676,H,K680,H,K680,H,K676,H,K665,H
Y,Y681,H,Y666,H,Y677,H,Y666,H,Y666,H,Y666,H,Y681,H,Y677,H,Y681,H,Y677,H,Y677,H,Y681,H,Y681,H,Y677,H,Y666,H
R,R682,H,R667,H,R678,H,R667,H,R667,H,R667,H,R682,H,R678,H,R682,H,R678,H,R678,H,R682,H,R682,H,R678,H,R667,H
Y,Y683,H,Y668,H,Y679,H,Y668,H,Y668,H,Y668,H,Y683,H,Y679,H,Y683,H,Y679,H,Y679,H,Y683,H,Y683,H,Y679,H,Y668,H
D,D684,L,E669,L,E680,L,E669,L,E669,L,E669,L,D684,L,E680,L,D684,L,E680,L,E680,L,D684,L,D684,L,E680,L,E669,L
G,G685,L,G670,L,G681,L,G670,L,G670,L,G670,L,G685,L,G681,L,G685,L,G681,L,G681,L,G685,L,G685,L,G681,L,G670,L
K,K686,L,K671,L,K682,L,K671,L,K671,L,K671,L,K686,L,K682,L,K686,L,K682,L,K682,L,K686,L,K686,L,K682,L,K671,L
I,I687,L,I672,L,I683,L,I672,L,I672,L,I672,L,I687,L,I683,L,I687,L,I683,L,I683,L,I687,L,I687,L,I683,L,I672,L
T,T688,L,T673,L,T684,L,T673,L,T673,L,T673,L,T688,L,T684,L,T688,L,T684,L,T684,L,T688,L,T688,L,T684,L,T673,L
N,N689,H,N674,H,N685,H,N674,H,N674,H,N674,H,N689,H,N685,H,N689,H,N685,H,N685,H,N689,H,N689,H,N685,H,N674,H
Y,Y690,H,Y675,H,Y686,H,Y675,H,Y675,H,Y675,H,Y690,H,Y686,H,Y690,H,Y686,H,Y686,H,Y690,H,Y690,H,Y686,H,Y675,H
L,L691,H,F676,H,F687,H,F676,H,F676,H,F676,H,L691,H,F687,H,L691,H,F687,H,F687,H,L691,H,L691,H,F687,H,F676,H
H,H692,H,H677,H,H688,H,H677,H,H677,H,H677,H,H692,H,H688,H,H692,H,H688,H,H688,H,H692,H,H692,H,H688,H,H677,H
K,K693,H,K678,H,K689,H,K678,H,K678,H,K678,H,K693,H,K689,H,K693,H,K689,H,K689,H,K693,H,K693,H,K689,H,K678,H
T,T694,H,T679,H,T690,H,T679,H,T679,H,T679,H,T694,H,T690,H,T694,H,T690,H,T690,H,T694,H,T694,H,T690,H,T679,H
L,L695,H,L680,H,L691,H,L680,H,L680,H,L680,H,L695,H,L691,H,L695,H,L691,H,L691,H,L695,H,L695,H,L691,H,L680,H
A,A696,H,A681,H,A692,H,A681,H,A681,H,A681,H,A696,H,A692,H,A696,H,A692,H,A692,H,A696,H,A696,H,A692,H,A681,H
H,H697,L,H682,L,H693,L,H682,L,H682,L,H682,L,H697,L,H693,L,H697,L,H693,L,H693,L,H697,L,H697,L,H693,L,H682,L
V,V698,H,V683,H,V694,H,V683,H,V683,H,V683,H,V698,H,V694,H,V698,H,V694,H,V694,H,V698,H,V698,H,V694,H,V683,H
P,P699,H,P684,H,P695,H,P684,H,P684,H,P684,H,P699,H,P695,H,P699,H,P695,H,P695,H,P699,H,P699,H,P695,H,P684,H
E,E700,H,E685,H,E696,H,E685,H,E685,H,E685,H,E700,H,E696,H,E700,H,E696,H,E696,H,E700,H,E700,H,E696,H,E685,H
I,I701,H,I686,H,I697,H,I686,H,I686,H,I686,H,I701,H,I697,H,I701,H,I697,H,I697,H,I701,H,I701,H,I697,H,I686,H
V,V702,H,I687,H,I698,H,I687,H,I687,H,I687,H,V702,H,I698,H,V702,H,I698,H,I698,H,V702,H,V702,H,I698,H,I687,H
E,E703,H,E688,H,E699,H,E688,H,E688,H,E688,H,E703,H,E699,H,E703,H,E699,H,E699,H,E703,H,E703,H,E699,H,E688,H
R,R704,H,R689,H,R700,H,R689,H,R689,H,R689,H,R704,H,R700,H,R704,H,R700,H,R700,H,R704,H,R704,H,R700,H,R689,H
D,D705,H,D690,H,D701,H,D690,H,D690,H,D690,H,D705,H,D701,H,D705,H,D701,H,D701,H,D705,H,D705,H,D701,H,D690,H
G,G706,L,G691,L,G702,L,G691,L,G691,L,G691,L,G706,L,G702,L,G706,L,G702,L,G702,L,G706,L,G706,L,G702,L,G691,L
S,S707,L,S692,L,S703,L,S692,L,S692,L,S692,L,S707,L,S703,L,S707,L,S703,L,S703,L,S707,L,S707,L,S703,L,S692,L
I,I708,L,I693,L,I704,L,I693,L,I693,L,I693,L,I708,L,I704,L,I708,L,I704,L,I704,L,I708,L,I708,L,I704,L,I693,L
G,G709,H,G694,H,G705,H,G694,H,G694,H,G694,H,G709,H,G705,H,G709,H,G705,H,G705,H,G709,H,G709,H,G705,H,G694,H
A,A710,L,A695,L,A706,L,A695,L,A695,L,A695,L,A710,L,A706,L,A710,L,A706,L,A706,L,A710,L,A710,L,A706,L,A695,L
W,W711,H,W696,H,W707,H,W696,H,W696,H,W696,H,W711,H,W707,H,W711,H,W707,H,W707,H,W711,H,W711,H,W707,H,W696,H
A,A712,L,A697,L,A708,L,A697,L,A697,L,A697,L,A712,L,A708,L,A712,L,A708,L,A708,L,A712,L,A712,L,A708,L,A697,L
S,S713,L,S698,L,S709,L,S698,L,S698,L,S698,L,S713,L,S709,L,S713,L,S709,L,S709,L,S713,L,S713,L,S709,L,S698,L
E,E714,H,E699,H,E710,H,E699,H,E699,H,E699,H,E714,H,E710,H,E714,H,E710,H,E710,H,E714,H,E714,H,E710,H,E699,H
G,G715,H,G700,H,G711,H,G700,H,G700,H,G700,H,G715,H,G711,H,G715,H,G711,H,G711,H,G715,H,G715,H,G711,H,G700,H
N,N716,H,N701,H,N712,H,N701,H,N701,H,N701,H,N716,H,N712,H,N716,H,N712,H,N712,H,N716,H,N716,H,N712,H,N701,H
E,E717,H,E702,H,E713,H,E702,H,E702,H,E702,H,E717,H,E713,H,E717,H,E713,H,E713,H,E717,H,E717,H,E713,H,E702,H
S,S718,H,S703,H,S714,H,S703,H,S703,H,S703,H,S718,H,S714,H,S718,H,S714,H,S714,H,S718,H,S718,H,S714,H,S703,H
G,G719,H,G704,H,G715,H,G704,H,G704,H,G704,H,G719,H,G715,H,G719,H,G715,H,G715,H,G719,H,G719,H,G715,H,G704,H
N,N720,H,N705,H,N716,H,N705,H,N705,H,N705,H,N720,H,N716,H,N720,H,N716,H,N716,H,N720,H,N720,H,N716,H,N705,H
K,K721,H,K706,H,K717,H,K706,H,K706,H,K706,H,K721,H,K717,H,K721,H,K717,H,K717,H,K721,H,K721,H,K717,H,K706,H
L,L722,H,L707,H,L718,H,L707,H,L707,H,L707,H,L722,H,L718,H,L722,H,L718,H,L718,H,L722,H,L722,H,L718,H,L707,H
F,F723,H,F708,H,F719,H,F708,H,F708,H,F708,H,F723,H,F719,H,F723,H,F719,H,F719,H,F723,H,F723,H,F719,H,F708,H
R,R724,H,R709,H,R720,H,R709,H,R709,H,R709,H,R724,H,R720,H,R724,H,R720,H,R720,H,R724,H,R724,H,R720,H,R709,H
R,R725,H,R710,H,R721,H,R710,H,R710,H,R710,H,R725,H,R721,H,R725,H,R721,H,R721,H,R725,H,R725,H,R721,H,R710,H
F,F726,H,F711,H,F722,H,F711,H,F711,H,F711,H,F726,H,F722,H,F726,H,F722,H,F722,H,F726,H,F726,H,F722,H,F711,H
R,R727,H,R712,H,R723,H,R712,H,R712,H,R712,H,R727,H,R723,H,R727,H,R723,H,R723,H,R727,H,R727,H,R723,H,R712,H
K,K728,H,K713,H,K724,H,K713,H,K713,H,K713,H,K728,H,K724,H,K728,H,K724,H,K724,H,K728,H,K728,H,K724,H,K713,H
M,M729,H,M714,H,M725,H,M714,H,M714,H,M714,H,M729,H,M725,H,M729,H,M725,H,M725,H,M729,H,M729,H,M725,H,M714,H
N,N730,L,N715,L,N726,L,N715,L,N715,L,N715,L,N730,L,N726,L,N730,L,N726,L,N726,L,N730,L,N730,L,N726,L,N715,L
A,A731,L,A716,L,A727,L,A716,L,A716,L,A716,L,A731,L,A727,L,A731,L,A727,L,A727,L,A731,L,A731,L,A727,L,A716,L
R,R732,L,R717,L,R728,L,R717,L,R717,L,R717,L,R732,L,R728,L,R732,L,R728,L,R728,L,R732,L,R732,L,R728,L,R717,L
Q,Q733,L,Q718,L,Q729,L,Q718,L,Q718,L,Q718,L,Q733,L,Q729,L,Q733,L,Q729,L,Q729,L,Q733,L,Q733,L,Q729,L,Q718,L
S,S734,L,S719,L,S730,L,S719,L,S719,L,S719,L,S734,L,S730,L,S734,L,S730,L,S730,L,S734,L,S734,L,S730,L,S719,L
K,K735,H,K720,H,K731,H,K720,H,K720,H,K720,H,K735,H,K731,H,K735,H,K731,H,K731,H,K735,H,K735,H,K731,H,K720,H
T,T736,H,F721,H,F732,H,F721,H,F721,H,F721,H,T736,H,F732,H,T736,H,F732,H,F732,H,T736,H,T736,H,F732,H,F721,H
F,F737,H,Y722,H,Y733,H,Y722,H,Y722,H,Y722,H,F737,H,Y733,H,F737,H,Y733,H,Y733,H,F737,H,F737,H,Y733,H,Y722,H
E,E738,H,E723,H,E734,H,E723,H,E723,H,E723,H,E738,H,E734,H,E738,H,E734,H,E734,H,E738,H,E738,H,E734,H,E723,H
L,L739,H,M724,H,M735,H,M724,H,M724,H,M724,H,L739,H,M735,H,L739,H,M735,H,M735,H,L739,H,L739,H,M735,H,M724,H
E,E740,H,E725,H,E736,H,E725,H,E725,H,E725,H,E740,H,E736,H,E740,H,E736,H,E736,H,E740,H,E740,H,E736,H,E725,H
D,D741,H,D726,H,D737,H,D726,H,D726,H,D726,H,D741,H,D737,H,D741,H,D737,H,D737,H,D741,H,D741,H,D737,H,D726,H
I,I742,H,V727,H,V738,H,V727,H,V727,H,V727,H,I742,H,V738,H,I742,H,V738,H,V738,H,I742,H,I742,H,V738,H,V727,H
L,L743,H,L728,H,L739,H,L728,H,L728,H,L728,H,L743,H,L739,H,L743,H,L739,H,L739,H,L743,H,L743,H,L739,H,L728,H
K,K744,H,K729,H,K740,H,K729,H,K729,H,K729,H,K744,H,K740,H,K744,H,K740,H,K740,H,K744,H,K744,H,K740,H,K729,H
H,H745,H,H730,H,H741,H,H730,H,H730,H,H730,H,H745,H,H741,H,H745,H,H741,H,H741,H,H745,H,H745,H,H741,H,H730,H
H,H746,H,H731,H,H742,H,H731,H,H731,H,H731,H,H746,H,H742,H,H746,H,H742,H,H742,H,H746,H,H746,H,H742,H,H731,H
W,W747,H,W732,H,W743,H,W732,H,W732,H,W732,H,W747,H,W743,H,W747,H,W743,H,W743,H,W747,H,W747,H,W743,H,W732,H
L,L748,H,L733,H,L744,H,L733,H,L733,H,L733,H,L748,H,L744,H,L748,H,L744,H,L744,H,L748,H,L748,H,L744,H,L733,H
Y,Y749,H,Y734,H,Y745,H,Y734,H,Y734,H,Y734,H,Y749,H,Y745,H,Y749,H,Y745,H,Y745,H,Y749,H,Y749,H,Y745,H,Y734,H
T,T750,L,T735,L,T746,L,T735,L,T735,L,T735,L,T750,L,T746,L,T750,L,T746,L,T746,L,T750,L,T750,L,T746,L,T735,L
S,S751,L,S736,L,S747,L,S736,L,S736,L,S736,L,S751,L,S747,L,S751,L,S747,L,S747,L,S751,L,S751,L,S747,L,S736,L
K,K752,H,K737,H,K748,H,K737,H,K737,H,K737,H,K752,H,K748,H,K752,H,K748,H,K748,H,K752,H,K752,H,K748,H,K737,H
Y,Y753,H,Y738,H,Y749,H,Y738,H,Y738,H,Y738,H,Y753,H,Y749,H,Y753,H,Y749,H,Y749,H,Y753,H,Y753,H,Y749,H,Y738,H
L,L754,H,L739,H,L750,H,L739,H,L739,H,L739,H,L754,H,L750,H,L754,H,L750,H,L750,H,L754,H,L754,H,L750,H,L739,H
Q,Q755,H,Q740,H,Q751,H,Q740,H,Q740,H,Q740,H,Q755,H,Q751,H,Q755,H,Q751,H,Q751,H,Q755,H,Q755,H,Q751,H,Q740,H
K,K756,H,K741,H,K752,H,K741,H,K741,H,K741,H,K756,H,K752,H,K756,H,K752,H,K752,H,K756,H,K756,H,K752,H,K741,H
F,F757,H,F742,H,F753,H,F742,H,F742,H,F742,H,F757,H,F753,H,F757,H,F753,H,F753,H,F757,H,F757,H,F753,H,F742,H
M,M758,H,M743,H,M754,H,M743,H,M743,H,M743,H,M758,H,M754,H,M758,H,M754,H,M754,H,M758,H,M758,H,M754,H,M743,H
E,E759,H,N744,H,N755,L,N744,L,N744,L,N744,H,E759,L,N755,H,E759,L,N755,L,N755,H,E759,L,E759,L,N755,H,N744,L
A,A760,L,A745,L,A756,H,A745,H,A745,H,A745,L,A760,H,A756,H,A760,H,A756,H,A756,H,A760,H,A760,L,A756,H,A745,H
H,H761,L,H746,H,H757,H,H746,L,H746,H,H746,H,H761,H,H757,H,H761,L,H757,H,H757,H,H761,L,H761,L,H757,H,H746,L
K,K762,L,K747,L,K758,H,K747,H,K747,H,K747,L,K762,H,K758,H,K762,H,K758,H,K758,H,K762,H,K762,L,K758,H,K747,H
