duck_G1_VDJ:AAATCAACAGTCAATC-1_contig_1	ptg000063l	93.939	100	33	1	33	9431127	9431159	33	2	0
duck_G1_VDJ:AACTCCTTCACCTTAC-1_contig_1	ptg000063l	93.939	100	33	1	33	9431127	9431159	33	2	0
duck_G1_VDJ:AATACTGGTATTGAGC-1_contig_1	ptg000063l	93.939	100	33	1	33	9431127	9431159	33	2	0
duck_G1_VDJ:AATGGCTGTACCTAGG-1_contig_1	ptg000063l	93.939	100	33	1	33	9431127	9431159	33	2	0
duck_G1_VDJ:ACCTTGCGTGTGGGCT-1_contig_1	ptg000063l	93.939	100	33	1	33	9431127	9431159	33	2	0
duck_G1_VDJ:ACTACCCGTACGGATT-1_contig_1	ptg000063l	93.939	100	33	1	33	9431127	9431159	33	2	0
duck_G1_VDJ:ATAGGGCCACCATAAC-1_contig_1	ptg000063l	93.939	100	33	1	33	9421667	9421699	33	2	0
duck_G1_VDJ:ATAGGGCCACCATAAC-1_contig_1	ptg000063l	93.939	100	33	1	33	9435678	9435710	33	2	0
duck_G1_VDJ:ATAGGGCCACCATAAC-1_contig_1	ptg000063l	93.939	100	33	1	33	9444021	9444053	33	2	0
duck_G1_VDJ:ATAGGGCCACCATAAC-1_contig_1	ptg000063l	93.939	100	33	1	33	9491428	9491460	33	2	0
duck_G1_VDJ:ATGGGCGCACTCCATC-1_contig_2	ptg000189l	85.714	100	48	1	48	521918	521966	49	6	1
duck_G1_VDJ:ATGGTAAAGCTAGATT-1_contig_1	ptg000063l	100.000	100	33	1	33	9452175	9452207	33	0	0
duck_G1_VDJ:ATGGTTTAGCGTGTCG-1_contig_1	ptg000063l	93.939	100	33	1	33	9431127	9431159	33	2	0
duck_G1_VDJ:ATGTAGAAGGTAAGGT-1_contig_1	ptg000063l	93.939	100	33	1	33	9431127	9431159	33	2	0
duck_G1_VDJ:ATTGTAATCACCAAGC-1_contig_1	ptg000063l	93.939	100	33	1	33	9431127	9431159	33	2	0
duck_G1_VDJ:CACATCTTCGTATAGT-1_contig_1	ptg000063l	93.939	100	33	1	33	9431127	9431159	33	2	0
duck_G1_VDJ:CACCAACAGGGCCATT-1_contig_1	ptg000063l	93.939	100	33	1	33	9431127	9431159	33	2	0
duck_G1_VDJ:CACGGCGGTAATGTTG-1_contig_1	ptg000063l	93.939	100	33	1	33	9431127	9431159	33	2	0
duck_G1_VDJ:CCCATTTAGCTCCTCA-1_contig_1	ptg000063l	93.939	100	33	1	33	9431127	9431159	33	2	0
duck_G1_VDJ:CCCTTTACACTCCTTA-1_contig_2	ptg000189l	85.714	100	48	1	48	521918	521966	49	6	1
duck_G1_VDJ:CCGCATCTCACGCGCA-1_contig_1	ptg000063l	93.939	100	33	1	33	9431127	9431159	33	2	0
duck_G1_VDJ:CCTACGACAACCTTAA-1_contig_1	ptg000063l	93.939	100	33	1	33	9452175	9452207	33	2	0
duck_G1_VDJ:CGAACACTCCTGTCGC-1_contig_1	ptg000063l	100.000	100	33	1	33	9452175	9452207	33	0	0
duck_G1_VDJ:CGCTGATAGAGGTAAC-1_contig_1	ptg000063l	93.939	100	33	1	33	9431127	9431159	33	2	0
duck_G1_VDJ:CTACATCTCCGCTCTA-1_contig_1	ptg000063l	93.939	100	33	1	33	9431127	9431159	33	2	0
duck_G1_VDJ:CTCATATGTGGATTTA-1_contig_1	ptg000063l	100.000	100	33	1	33	9452175	9452207	33	0	0
duck_G1_VDJ:CTGCAAGGTAGGGCGA-1_contig_1	ptg000063l	93.939	100	33	1	33	9431127	9431159	33	2	0
duck_G1_VDJ:GCAACTATCCTGTCGC-1_contig_1	ptg000063l	100.000	100	33	1	33	9452175	9452207	33	0	0
duck_G1_VDJ:GCACTCCTCAGCACGT-1_contig_1	ptg000063l	93.939	100	33	1	33	9431127	9431159	33	2	0
duck_G1_VDJ:GCAGCGACACGTAGAA-1_contig_1	ptg000063l	93.939	100	33	1	33	9431127	9431159	33	2	0
duck_G1_VDJ:GCCCTTATCAGTATTA-1_contig_1	ptg000189l	85.714	100	48	1	48	521918	521966	49	6	1
duck_G1_VDJ:GCCCTTATCCCTATGT-1_contig_1	ptg000063l	100.000	100	33	1	33	9464485	9464517	33	0	0
duck_G1_VDJ:GCGACAGCAGTGTTCG-1_contig_1	ptg000063l	100.000	100	33	1	33	9452175	9452207	33	0	0
duck_G1_VDJ:GCGTAGAAGCCGTTGG-1_contig_1	ptg000063l	93.939	100	33	1	33	9431127	9431159	33	2	0
duck_G1_VDJ:GGAATTCGTGGTAGGG-1_contig_1	ptg000063l	93.939	100	33	1	33	9421667	9421699	33	2	0
duck_G1_VDJ:GGAATTCGTGGTAGGG-1_contig_1	ptg000063l	93.939	100	33	1	33	9435678	9435710	33	2	0
duck_G1_VDJ:GGAATTCGTGGTAGGG-1_contig_1	ptg000063l	93.939	100	33	1	33	9444021	9444053	33	2	0
duck_G1_VDJ:GGAATTCGTGGTAGGG-1_contig_1	ptg000063l	93.939	100	33	1	33	9491428	9491460	33	2	0
duck_G1_VDJ:GGCCTGGGTACTATGA-1_contig_1	ptg000063l	93.939	100	33	1	33	9431127	9431159	33	2	0
duck_G1_VDJ:GGCGAAGGTGTATCTT-1_contig_1	ptg000063l	93.939	100	33	1	33	9431127	9431159	33	2	0
duck_G1_VDJ:GGGAGAACACGCAATT-1_contig_1	ptg000063l	93.939	100	33	1	33	9421667	9421699	33	2	0
duck_G1_VDJ:GGGAGAACACGCAATT-1_contig_1	ptg000063l	93.939	100	33	1	33	9435678	9435710	33	2	0
duck_G1_VDJ:GGGAGAACACGCAATT-1_contig_1	ptg000063l	93.939	100	33	1	33	9444021	9444053	33	2	0
duck_G1_VDJ:GGGAGAACACGCAATT-1_contig_1	ptg000063l	93.939	100	33	1	33	9491428	9491460	33	2	0
duck_G1_VDJ:GGTACTGGTCGGTATG-1_contig_1	ptg000063l	93.939	100	33	1	33	9431127	9431159	33	2	0
duck_G1_VDJ:GGTGTTATCATGCGGT-1_contig_1	ptg000063l	93.939	100	33	1	33	9431127	9431159	33	2	0
duck_G1_VDJ:GGTTCGCCACTATGAC-1_contig_2	ptg000189l	85.714	100	48	1	48	521918	521966	49	6	1
duck_G1_VDJ:GTAACGTGTCAACCTC-1_contig_1	ptg000063l	93.939	100	33	1	33	9421667	9421699	33	2	0
duck_G1_VDJ:GTAACGTGTCAACCTC-1_contig_1	ptg000063l	93.939	100	33	1	33	9435678	9435710	33	2	0
duck_G1_VDJ:GTAACGTGTCAACCTC-1_contig_1	ptg000063l	93.939	100	33	1	33	9444021	9444053	33	2	0
duck_G1_VDJ:GTAACGTGTCAACCTC-1_contig_1	ptg000063l	93.939	100	33	1	33	9491428	9491460	33	2	0
duck_G1_VDJ:GTAAGGAGTCTGTACC-1_contig_1	ptg000063l	93.939	100	33	1	33	9431127	9431159	33	2	0
duck_G1_VDJ:GTCTGCGAGCGTTAGC-1_contig_1	ptg000063l	93.939	100	33	1	33	9431127	9431159	33	2	0
duck_Group3_VDJ:AACAGCCTCCGCCTAC-1_contig_1	ptg000063l	93.939	100	33	1	33	9431128	9431159	33	1	1
duck_Group3_VDJ:AAGCCGGCAAGTTAGG-1_contig_1	ptg000199l	91.837	100	48	1	48	547129	547177	49	3	1
duck_Group3_VDJ:ACAACGTGTACTTAAG-1_contig_1	ptg000063l	96.667	100	30	1	30	9424502	9424531	30	1	0
duck_Group3_VDJ:ACAACGTGTACTTAAG-1_contig_1	ptg000063l	96.667	100	30	1	30	9426921	9426950	30	1	0
duck_Group3_VDJ:ACAACGTGTACTTAAG-1_contig_1	ptg000063l	96.667	100	30	1	30	9460522	9460551	30	1	0
duck_Group3_VDJ:ACAACGTGTACTTAAG-1_contig_1	ptg000063l	96.667	100	30	1	30	9467231	9467260	30	1	0
duck_Group3_VDJ:ACAACGTGTACTTAAG-1_contig_1	ptg000063l	96.667	100	30	1	30	9478230	9478259	30	1	0
duck_Group3_VDJ:ACCTTACTCCACTTCG-1_contig_1	ptg000063l	96.667	100	30	1	30	9424502	9424531	30	1	0
duck_Group3_VDJ:ACCTTACTCCACTTCG-1_contig_1	ptg000063l	96.667	100	30	1	30	9426921	9426950	30	1	0
duck_Group3_VDJ:ACCTTACTCCACTTCG-1_contig_1	ptg000063l	96.667	100	30	1	30	9460522	9460551	30	1	0
duck_Group3_VDJ:ACCTTACTCCACTTCG-1_contig_1	ptg000063l	96.667	100	30	1	30	9467231	9467260	30	1	0
duck_Group3_VDJ:ACCTTACTCCACTTCG-1_contig_1	ptg000063l	96.667	100	30	1	30	9478230	9478259	30	1	0
duck_Group3_VDJ:ACTTCGGCAGTATGTC-1_contig_1	ptg000063l	96.667	100	30	1	30	9424502	9424531	30	1	0
duck_Group3_VDJ:ACTTCGGCAGTATGTC-1_contig_1	ptg000063l	96.667	100	30	1	30	9426921	9426950	30	1	0
duck_Group3_VDJ:ACTTCGGCAGTATGTC-1_contig_1	ptg000063l	96.667	100	30	1	30	9460522	9460551	30	1	0
duck_Group3_VDJ:ACTTCGGCAGTATGTC-1_contig_1	ptg000063l	96.667	100	30	1	30	9467231	9467260	30	1	0
duck_Group3_VDJ:ACTTCGGCAGTATGTC-1_contig_1	ptg000063l	96.667	100	30	1	30	9478230	9478259	30	1	0
duck_Group3_VDJ:AGAGGGTGTGTGTCCT-1_contig_2	ptg000189l	84.615	100	51	1	51	500532	500583	52	7	1
duck_Group3_VDJ:AGCGAATAGCGCGTAT-1_contig_1	ptg000063l	96.667	100	30	1	30	9424502	9424531	30	1	0
duck_Group3_VDJ:AGCGAATAGCGCGTAT-1_contig_1	ptg000063l	96.667	100	30	1	30	9426921	9426950	30	1	0
duck_Group3_VDJ:AGCGAATAGCGCGTAT-1_contig_1	ptg000063l	96.667	100	30	1	30	9460522	9460551	30	1	0
duck_Group3_VDJ:AGCGAATAGCGCGTAT-1_contig_1	ptg000063l	96.667	100	30	1	30	9467231	9467260	30	1	0
duck_Group3_VDJ:AGCGAATAGCGCGTAT-1_contig_1	ptg000063l	96.667	100	30	1	30	9478230	9478259	30	1	0
duck_Group3_VDJ:AGGAGCCAGACGACGA-1_contig_1	ptg000063l	96.667	100	30	1	30	9424502	9424531	30	1	0
duck_Group3_VDJ:AGGAGCCAGACGACGA-1_contig_1	ptg000063l	96.667	100	30	1	30	9426921	9426950	30	1	0
duck_Group3_VDJ:AGGAGCCAGACGACGA-1_contig_1	ptg000063l	96.667	100	30	1	30	9460522	9460551	30	1	0
duck_Group3_VDJ:AGGAGCCAGACGACGA-1_contig_1	ptg000063l	96.667	100	30	1	30	9467231	9467260	30	1	0
duck_Group3_VDJ:AGGAGCCAGACGACGA-1_contig_1	ptg000063l	96.667	100	30	1	30	9478230	9478259	30	1	0
duck_Group3_VDJ:AGGCACTTCCTTGTCG-1_contig_1	ptg000063l	93.939	100	33	1	33	9421667	9421699	33	2	0
duck_Group3_VDJ:AGGCACTTCCTTGTCG-1_contig_1	ptg000063l	93.939	100	33	1	33	9435678	9435710	33	2	0
duck_Group3_VDJ:AGGCACTTCCTTGTCG-1_contig_1	ptg000063l	93.939	100	33	1	33	9444021	9444053	33	2	0
duck_Group3_VDJ:AGGCACTTCCTTGTCG-1_contig_1	ptg000063l	93.939	100	33	1	33	9491428	9491460	33	2	0
duck_Group3_VDJ:AGGCGCACAAGTCGAA-1_contig_1	ptg000063l	96.667	100	30	1	30	9424502	9424531	30	1	0
duck_Group3_VDJ:AGGCGCACAAGTCGAA-1_contig_1	ptg000063l	96.667	100	30	1	30	9426921	9426950	30	1	0
duck_Group3_VDJ:AGGCGCACAAGTCGAA-1_contig_1	ptg000063l	96.667	100	30	1	30	9460522	9460551	30	1	0
duck_Group3_VDJ:AGGCGCACAAGTCGAA-1_contig_1	ptg000063l	96.667	100	30	1	30	9467231	9467260	30	1	0
duck_Group3_VDJ:AGGCGCACAAGTCGAA-1_contig_1	ptg000063l	96.667	100	30	1	30	9478230	9478259	30	1	0
duck_Group3_VDJ:AGTCCCGAGCAGTCCG-1_contig_1	ptg000063l	96.667	100	30	1	30	9424502	9424531	30	1	0
duck_Group3_VDJ:AGTCCCGAGCAGTCCG-1_contig_1	ptg000063l	96.667	100	30	1	30	9426921	9426950	30	1	0
duck_Group3_VDJ:AGTCCCGAGCAGTCCG-1_contig_1	ptg000063l	96.667	100	30	1	30	9460522	9460551	30	1	0
duck_Group3_VDJ:AGTCCCGAGCAGTCCG-1_contig_1	ptg000063l	96.667	100	30	1	30	9467231	9467260	30	1	0
duck_Group3_VDJ:AGTCCCGAGCAGTCCG-1_contig_1	ptg000063l	96.667	100	30	1	30	9478230	9478259	30	1	0
duck_Group3_VDJ:ATCTCTATCGTCCCTA-1_contig_1	ptg000063l	96.667	100	30	1	30	9424502	9424531	30	1	0
duck_Group3_VDJ:ATCTCTATCGTCCCTA-1_contig_1	ptg000063l	96.667	100	30	1	30	9426921	9426950	30	1	0
duck_Group3_VDJ:ATCTCTATCGTCCCTA-1_contig_1	ptg000063l	96.667	100	30	1	30	9460522	9460551	30	1	0
duck_Group3_VDJ:ATCTCTATCGTCCCTA-1_contig_1	ptg000063l	96.667	100	30	1	30	9467231	9467260	30	1	0
duck_Group3_VDJ:ATCTCTATCGTCCCTA-1_contig_1	ptg000063l	96.667	100	30	1	30	9478230	9478259	30	1	0
duck_Group3_VDJ:ATGCAGTGTATGGAGA-1_contig_1	ptg000063l	93.939	100	33	1	33	9465478	9465510	33	2	0
duck_Group3_VDJ:ATGCAGTGTATGGAGA-1_contig_1	ptg000063l	93.939	100	33	1	33	9490465	9490497	33	2	0
duck_Group3_VDJ:ATGTTGAGTAGTATTG-1_contig_2	ptg000189l	84.615	100	51	1	51	500532	500583	52	7	1
duck_Group3_VDJ:ATTGCGGGTACGTTCC-1_contig_1	ptg000063l	96.667	100	30	1	30	9424502	9424531	30	1	0
duck_Group3_VDJ:ATTGCGGGTACGTTCC-1_contig_1	ptg000063l	96.667	100	30	1	30	9426921	9426950	30	1	0
duck_Group3_VDJ:ATTGCGGGTACGTTCC-1_contig_1	ptg000063l	96.667	100	30	1	30	9460522	9460551	30	1	0
duck_Group3_VDJ:ATTGCGGGTACGTTCC-1_contig_1	ptg000063l	96.667	100	30	1	30	9467231	9467260	30	1	0
duck_Group3_VDJ:ATTGCGGGTACGTTCC-1_contig_1	ptg000063l	96.667	100	30	1	30	9478230	9478259	30	1	0
duck_Group3_VDJ:CAAGCTATCCGGGATT-1_contig_1	ptg000063l	93.939	100	33	1	33	9421667	9421699	33	2	0
duck_Group3_VDJ:CAAGCTATCCGGGATT-1_contig_1	ptg000063l	93.939	100	33	1	33	9435678	9435710	33	2	0
duck_Group3_VDJ:CAAGCTATCCGGGATT-1_contig_1	ptg000063l	93.939	100	33	1	33	9444021	9444053	33	2	0
duck_Group3_VDJ:CAAGCTATCCGGGATT-1_contig_1	ptg000063l	93.939	100	33	1	33	9491428	9491460	33	2	0
duck_Group3_VDJ:CAAGCTATCCGGGTCA-1_contig_1	ptg000063l	93.939	100	33	1	33	9421667	9421699	33	2	0
duck_Group3_VDJ:CAAGCTATCCGGGTCA-1_contig_1	ptg000063l	93.939	100	33	1	33	9435678	9435710	33	2	0
duck_Group3_VDJ:CAAGCTATCCGGGTCA-1_contig_1	ptg000063l	93.939	100	33	1	33	9444021	9444053	33	2	0
duck_Group3_VDJ:CAAGCTATCCGGGTCA-1_contig_1	ptg000063l	93.939	100	33	1	33	9491428	9491460	33	2	0
duck_Group3_VDJ:CACCCTGGTACATCTT-1_contig_1	ptg000063l	96.667	100	30	1	30	9424502	9424531	30	1	0
duck_Group3_VDJ:CACCCTGGTACATCTT-1_contig_1	ptg000063l	96.667	100	30	1	30	9426921	9426950	30	1	0
duck_Group3_VDJ:CACCCTGGTACATCTT-1_contig_1	ptg000063l	96.667	100	30	1	30	9460522	9460551	30	1	0
duck_Group3_VDJ:CACCCTGGTACATCTT-1_contig_1	ptg000063l	96.667	100	30	1	30	9467231	9467260	30	1	0
duck_Group3_VDJ:CACCCTGGTACATCTT-1_contig_1	ptg000063l	96.667	100	30	1	30	9478230	9478259	30	1	0
duck_Group3_VDJ:CACGCGGGTCAGCGTA-1_contig_1	ptg000063l	96.667	100	30	1	30	9424502	9424531	30	1	0
duck_Group3_VDJ:CACGCGGGTCAGCGTA-1_contig_1	ptg000063l	96.667	100	30	1	30	9426921	9426950	30	1	0
duck_Group3_VDJ:CACGCGGGTCAGCGTA-1_contig_1	ptg000063l	96.667	100	30	1	30	9460522	9460551	30	1	0
duck_Group3_VDJ:CACGCGGGTCAGCGTA-1_contig_1	ptg000063l	96.667	100	30	1	30	9467231	9467260	30	1	0
duck_Group3_VDJ:CACGCGGGTCAGCGTA-1_contig_1	ptg000063l	96.667	100	30	1	30	9478230	9478259	30	1	0
duck_Group3_VDJ:CACGGAAAGCACCACG-1_contig_2	ptg000189l	84.615	100	51	1	51	500532	500583	52	7	1
duck_Group3_VDJ:CACGGGTGTACTTGGG-1_contig_1	ptg000063l	93.939	100	33	1	33	9465478	9465510	33	2	0
duck_Group3_VDJ:CACGGGTGTACTTGGG-1_contig_1	ptg000063l	93.939	100	33	1	33	9490465	9490497	33	2	0
duck_Group3_VDJ:CACTATACAATCACTA-1_contig_2	ptg000063l	93.939	100	33	1	33	9421667	9421699	33	2	0
duck_Group3_VDJ:CACTATACAATCACTA-1_contig_2	ptg000063l	93.939	100	33	1	33	9435678	9435710	33	2	0
duck_Group3_VDJ:CACTATACAATCACTA-1_contig_2	ptg000063l	93.939	100	33	1	33	9444021	9444053	33	2	0
duck_Group3_VDJ:CACTATACAATCACTA-1_contig_2	ptg000063l	93.939	100	33	1	33	9491428	9491460	33	2	0
duck_Group3_VDJ:CACTCAGCAGCGTCTA-1_contig_1	ptg000063l	93.939	100	33	1	33	9465478	9465510	33	2	0
duck_Group3_VDJ:CACTCAGCAGCGTCTA-1_contig_1	ptg000063l	93.939	100	33	1	33	9490465	9490497	33	2	0
duck_Group3_VDJ:CATCACAAGCTAGGTC-1_contig_1	ptg000063l	96.667	100	30	1	30	9424502	9424531	30	1	0
duck_Group3_VDJ:CATCACAAGCTAGGTC-1_contig_1	ptg000063l	96.667	100	30	1	30	9426921	9426950	30	1	0
duck_Group3_VDJ:CATCACAAGCTAGGTC-1_contig_1	ptg000063l	96.667	100	30	1	30	9460522	9460551	30	1	0
duck_Group3_VDJ:CATCACAAGCTAGGTC-1_contig_1	ptg000063l	96.667	100	30	1	30	9467231	9467260	30	1	0
duck_Group3_VDJ:CATCACAAGCTAGGTC-1_contig_1	ptg000063l	96.667	100	30	1	30	9478230	9478259	30	1	0
duck_Group3_VDJ:CCACACCTCCATGCTT-1_contig_1	ptg000063l	93.939	100	33	1	33	9430383	9430415	33	2	0
duck_Group3_VDJ:CCATGCACACTAAGTC-1_contig_1	ptg000063l	96.667	100	30	1	30	9424502	9424531	30	1	0
duck_Group3_VDJ:CCATGCACACTAAGTC-1_contig_1	ptg000063l	96.667	100	30	1	30	9426921	9426950	30	1	0
duck_Group3_VDJ:CCATGCACACTAAGTC-1_contig_1	ptg000063l	96.667	100	30	1	30	9460522	9460551	30	1	0
duck_Group3_VDJ:CCATGCACACTAAGTC-1_contig_1	ptg000063l	96.667	100	30	1	30	9467231	9467260	30	1	0
duck_Group3_VDJ:CCATGCACACTAAGTC-1_contig_1	ptg000063l	96.667	100	30	1	30	9478230	9478259	30	1	0
duck_Group3_VDJ:CCATGCACAGTTGGAA-1_contig_2	ptg000063l	96.667	100	30	1	30	9424502	9424531	30	1	0
duck_Group3_VDJ:CCATGCACAGTTGGAA-1_contig_2	ptg000063l	96.667	100	30	1	30	9426921	9426950	30	1	0
duck_Group3_VDJ:CCATGCACAGTTGGAA-1_contig_2	ptg000063l	96.667	100	30	1	30	9460522	9460551	30	1	0
duck_Group3_VDJ:CCATGCACAGTTGGAA-1_contig_2	ptg000063l	96.667	100	30	1	30	9467231	9467260	30	1	0
duck_Group3_VDJ:CCATGCACAGTTGGAA-1_contig_2	ptg000063l	96.667	100	30	1	30	9478230	9478259	30	1	0
duck_Group3_VDJ:CCGTAACAGCTGAATT-1_contig_1	ptg000063l	96.667	100	30	1	30	9424502	9424531	30	1	0
duck_Group3_VDJ:CCGTAACAGCTGAATT-1_contig_1	ptg000063l	96.667	100	30	1	30	9426921	9426950	30	1	0
duck_Group3_VDJ:CCGTAACAGCTGAATT-1_contig_1	ptg000063l	96.667	100	30	1	30	9460522	9460551	30	1	0
duck_Group3_VDJ:CCGTAACAGCTGAATT-1_contig_1	ptg000063l	96.667	100	30	1	30	9467231	9467260	30	1	0
duck_Group3_VDJ:CCGTAACAGCTGAATT-1_contig_1	ptg000063l	96.667	100	30	1	30	9478230	9478259	30	1	0
duck_Group3_VDJ:CCTGCTTCAAGTCATC-1_contig_1	ptg000063l	93.939	100	33	1	33	9465478	9465510	33	2	0
duck_Group3_VDJ:CCTGCTTCAAGTCATC-1_contig_1	ptg000063l	93.939	100	33	1	33	9490465	9490497	33	2	0
duck_Group3_VDJ:CCTTCGATCGTATCTC-1_contig_1	ptg000063l	96.667	100	30	1	30	9424502	9424531	30	1	0
duck_Group3_VDJ:CCTTCGATCGTATCTC-1_contig_1	ptg000063l	96.667	100	30	1	30	9426921	9426950	30	1	0
duck_Group3_VDJ:CCTTCGATCGTATCTC-1_contig_1	ptg000063l	96.667	100	30	1	30	9460522	9460551	30	1	0
duck_Group3_VDJ:CCTTCGATCGTATCTC-1_contig_1	ptg000063l	96.667	100	30	1	30	9467231	9467260	30	1	0
duck_Group3_VDJ:CCTTCGATCGTATCTC-1_contig_1	ptg000063l	96.667	100	30	1	30	9478230	9478259	30	1	0
duck_Group3_VDJ:CGGTGCTCACCTGTAG-1_contig_1	ptg000063l	93.939	100	33	1	33	9465478	9465510	33	2	0
duck_Group3_VDJ:CGGTGCTCACCTGTAG-1_contig_1	ptg000063l	93.939	100	33	1	33	9490465	9490497	33	2	0
duck_Group3_VDJ:CTAACGGGTGTCTTCA-1_contig_1	ptg000063l	96.667	100	30	1	30	9424502	9424531	30	1	0
duck_Group3_VDJ:CTAACGGGTGTCTTCA-1_contig_1	ptg000063l	96.667	100	30	1	30	9426921	9426950	30	1	0
duck_Group3_VDJ:CTAACGGGTGTCTTCA-1_contig_1	ptg000063l	96.667	100	30	1	30	9460522	9460551	30	1	0
duck_Group3_VDJ:CTAACGGGTGTCTTCA-1_contig_1	ptg000063l	96.667	100	30	1	30	9467231	9467260	30	1	0
duck_Group3_VDJ:CTAACGGGTGTCTTCA-1_contig_1	ptg000063l	96.667	100	30	1	30	9478230	9478259	30	1	0
duck_Group3_VDJ:CTACAAGTCCAAAGCC-1_contig_1	ptg000063l	96.667	100	30	1	30	9424502	9424531	30	1	0
duck_Group3_VDJ:CTACAAGTCCAAAGCC-1_contig_1	ptg000063l	96.667	100	30	1	30	9426921	9426950	30	1	0
duck_Group3_VDJ:CTACAAGTCCAAAGCC-1_contig_1	ptg000063l	96.667	100	30	1	30	9460522	9460551	30	1	0
duck_Group3_VDJ:CTACAAGTCCAAAGCC-1_contig_1	ptg000063l	96.667	100	30	1	30	9467231	9467260	30	1	0
duck_Group3_VDJ:CTACAAGTCCAAAGCC-1_contig_1	ptg000063l	96.667	100	30	1	30	9478230	9478259	30	1	0
duck_Group3_VDJ:CTAGCCCTCGTCCCTA-1_contig_1	ptg000063l	96.667	100	30	1	30	9424502	9424531	30	1	0
duck_Group3_VDJ:CTAGCCCTCGTCCCTA-1_contig_1	ptg000063l	96.667	100	30	1	30	9426921	9426950	30	1	0
duck_Group3_VDJ:CTAGCCCTCGTCCCTA-1_contig_1	ptg000063l	96.667	100	30	1	30	9460522	9460551	30	1	0
duck_Group3_VDJ:CTAGCCCTCGTCCCTA-1_contig_1	ptg000063l	96.667	100	30	1	30	9467231	9467260	30	1	0
duck_Group3_VDJ:CTAGCCCTCGTCCCTA-1_contig_1	ptg000063l	96.667	100	30	1	30	9478230	9478259	30	1	0
duck_Group3_VDJ:CTAGCTAAGGTAGTAA-1_contig_1	ptg000063l	96.667	100	30	1	30	9424502	9424531	30	1	0
duck_Group3_VDJ:CTAGCTAAGGTAGTAA-1_contig_1	ptg000063l	96.667	100	30	1	30	9426921	9426950	30	1	0
duck_Group3_VDJ:CTAGCTAAGGTAGTAA-1_contig_1	ptg000063l	96.667	100	30	1	30	9460522	9460551	30	1	0
duck_Group3_VDJ:CTAGCTAAGGTAGTAA-1_contig_1	ptg000063l	96.667	100	30	1	30	9467231	9467260	30	1	0
duck_Group3_VDJ:CTAGCTAAGGTAGTAA-1_contig_1	ptg000063l	96.667	100	30	1	30	9478230	9478259	30	1	0
duck_Group3_VDJ:CTAGTCTTCATCCGTT-1_contig_1	ptg000063l	93.939	100	33	1	33	9465478	9465510	33	2	0
duck_Group3_VDJ:CTAGTCTTCATCCGTT-1_contig_1	ptg000063l	93.939	100	33	1	33	9490465	9490497	33	2	0
duck_Group3_VDJ:CTATAGTAGAGGTACG-1_contig_1	ptg000063l	96.667	100	30	1	30	9424502	9424531	30	1	0
duck_Group3_VDJ:CTATAGTAGAGGTACG-1_contig_1	ptg000063l	96.667	100	30	1	30	9426921	9426950	30	1	0
duck_Group3_VDJ:CTATAGTAGAGGTACG-1_contig_1	ptg000063l	96.667	100	30	1	30	9460522	9460551	30	1	0
duck_Group3_VDJ:CTATAGTAGAGGTACG-1_contig_1	ptg000063l	96.667	100	30	1	30	9467231	9467260	30	1	0
duck_Group3_VDJ:CTATAGTAGAGGTACG-1_contig_1	ptg000063l	96.667	100	30	1	30	9478230	9478259	30	1	0
duck_Group3_VDJ:CTGTATTGTCCTTCCC-1_contig_1	ptg000063l	93.939	100	33	1	33	9465478	9465510	33	2	0
duck_Group3_VDJ:CTGTATTGTCCTTCCC-1_contig_1	ptg000063l	93.939	100	33	1	33	9490465	9490497	33	2	0
duck_Group3_VDJ:GCAGTAACAGTCTTCC-1_contig_1	ptg000063l	96.667	100	30	1	30	9424502	9424531	30	1	0
duck_Group3_VDJ:GCAGTAACAGTCTTCC-1_contig_1	ptg000063l	96.667	100	30	1	30	9426921	9426950	30	1	0
duck_Group3_VDJ:GCAGTAACAGTCTTCC-1_contig_1	ptg000063l	96.667	100	30	1	30	9460522	9460551	30	1	0
duck_Group3_VDJ:GCAGTAACAGTCTTCC-1_contig_1	ptg000063l	96.667	100	30	1	30	9467231	9467260	30	1	0
duck_Group3_VDJ:GCAGTAACAGTCTTCC-1_contig_1	ptg000063l	96.667	100	30	1	30	9478230	9478259	30	1	0
duck_Group3_VDJ:GCAGTGTTCACTTGTC-1_contig_1	ptg000063l	96.667	100	30	1	30	9424502	9424531	30	1	0
duck_Group3_VDJ:GCAGTGTTCACTTGTC-1_contig_1	ptg000063l	96.667	100	30	1	30	9426921	9426950	30	1	0
duck_Group3_VDJ:GCAGTGTTCACTTGTC-1_contig_1	ptg000063l	96.667	100	30	1	30	9460522	9460551	30	1	0
duck_Group3_VDJ:GCAGTGTTCACTTGTC-1_contig_1	ptg000063l	96.667	100	30	1	30	9467231	9467260	30	1	0
duck_Group3_VDJ:GCAGTGTTCACTTGTC-1_contig_1	ptg000063l	96.667	100	30	1	30	9478230	9478259	30	1	0
duck_Group3_VDJ:GCCATTCGTATCTGTT-1_contig_1	ptg000063l	96.667	100	30	1	30	9424502	9424531	30	1	0
duck_Group3_VDJ:GCCATTCGTATCTGTT-1_contig_1	ptg000063l	96.667	100	30	1	30	9426921	9426950	30	1	0
duck_Group3_VDJ:GCCATTCGTATCTGTT-1_contig_1	ptg000063l	96.667	100	30	1	30	9460522	9460551	30	1	0
duck_Group3_VDJ:GCCATTCGTATCTGTT-1_contig_1	ptg000063l	96.667	100	30	1	30	9467231	9467260	30	1	0
duck_Group3_VDJ:GCCATTCGTATCTGTT-1_contig_1	ptg000063l	96.667	100	30	1	30	9478230	9478259	30	1	0
duck_Group3_VDJ:GCCTATCGTGCTTCGT-1_contig_1	ptg000063l	96.667	100	30	1	30	9424502	9424531	30	1	0
duck_Group3_VDJ:GCCTATCGTGCTTCGT-1_contig_1	ptg000063l	96.667	100	30	1	30	9426921	9426950	30	1	0
duck_Group3_VDJ:GCCTATCGTGCTTCGT-1_contig_1	ptg000063l	96.667	100	30	1	30	9460522	9460551	30	1	0
duck_Group3_VDJ:GCCTATCGTGCTTCGT-1_contig_1	ptg000063l	96.667	100	30	1	30	9467231	9467260	30	1	0
duck_Group3_VDJ:GCCTATCGTGCTTCGT-1_contig_1	ptg000063l	96.667	100	30	1	30	9478230	9478259	30	1	0
duck_Group3_VDJ:GCGGAGTAGCGGAATG-1_contig_1	ptg000063l	96.667	100	30	1	30	9424502	9424531	30	1	0
duck_Group3_VDJ:GCGGAGTAGCGGAATG-1_contig_1	ptg000063l	96.667	100	30	1	30	9426921	9426950	30	1	0
duck_Group3_VDJ:GCGGAGTAGCGGAATG-1_contig_1	ptg000063l	96.667	100	30	1	30	9460522	9460551	30	1	0
duck_Group3_VDJ:GCGGAGTAGCGGAATG-1_contig_1	ptg000063l	96.667	100	30	1	30	9467231	9467260	30	1	0
duck_Group3_VDJ:GCGGAGTAGCGGAATG-1_contig_1	ptg000063l	96.667	100	30	1	30	9478230	9478259	30	1	0
duck_Group3_VDJ:GCTAACTCAGTTAAGG-1_contig_1	ptg000063l	96.667	100	30	1	30	9424502	9424531	30	1	0
duck_Group3_VDJ:GCTAACTCAGTTAAGG-1_contig_1	ptg000063l	96.667	100	30	1	30	9426921	9426950	30	1	0
duck_Group3_VDJ:GCTAACTCAGTTAAGG-1_contig_1	ptg000063l	96.667	100	30	1	30	9460522	9460551	30	1	0
duck_Group3_VDJ:GCTAACTCAGTTAAGG-1_contig_1	ptg000063l	96.667	100	30	1	30	9467231	9467260	30	1	0
duck_Group3_VDJ:GCTAACTCAGTTAAGG-1_contig_1	ptg000063l	96.667	100	30	1	30	9478230	9478259	30	1	0
duck_Group3_VDJ:GCTCAACAGGCAGGGT-1_contig_1	ptg000063l	96.667	100	30	1	30	9424502	9424531	30	1	0
duck_Group3_VDJ:GCTCAACAGGCAGGGT-1_contig_1	ptg000063l	96.667	100	30	1	30	9426921	9426950	30	1	0
duck_Group3_VDJ:GCTCAACAGGCAGGGT-1_contig_1	ptg000063l	96.667	100	30	1	30	9460522	9460551	30	1	0
duck_Group3_VDJ:GCTCAACAGGCAGGGT-1_contig_1	ptg000063l	96.667	100	30	1	30	9467231	9467260	30	1	0
duck_Group3_VDJ:GCTCAACAGGCAGGGT-1_contig_1	ptg000063l	96.667	100	30	1	30	9478230	9478259	30	1	0
duck_Group3_VDJ:GCTCGGGGTGTATTCT-1_contig_1	ptg000063l	96.667	100	30	1	30	9424502	9424531	30	1	0
duck_Group3_VDJ:GCTCGGGGTGTATTCT-1_contig_1	ptg000063l	96.667	100	30	1	30	9426921	9426950	30	1	0
duck_Group3_VDJ:GCTCGGGGTGTATTCT-1_contig_1	ptg000063l	96.667	100	30	1	30	9460522	9460551	30	1	0
duck_Group3_VDJ:GCTCGGGGTGTATTCT-1_contig_1	ptg000063l	96.667	100	30	1	30	9467231	9467260	30	1	0
duck_Group3_VDJ:GCTCGGGGTGTATTCT-1_contig_1	ptg000063l	96.667	100	30	1	30	9478230	9478259	30	1	0
duck_Group3_VDJ:GCTTCTAGTATGTACA-1_contig_1	ptg000063l	96.667	100	30	1	30	9424502	9424531	30	1	0
duck_Group3_VDJ:GCTTCTAGTATGTACA-1_contig_1	ptg000063l	96.667	100	30	1	30	9426921	9426950	30	1	0
duck_Group3_VDJ:GCTTCTAGTATGTACA-1_contig_1	ptg000063l	96.667	100	30	1	30	9460522	9460551	30	1	0
duck_Group3_VDJ:GCTTCTAGTATGTACA-1_contig_1	ptg000063l	96.667	100	30	1	30	9467231	9467260	30	1	0
duck_Group3_VDJ:GCTTCTAGTATGTACA-1_contig_1	ptg000063l	96.667	100	30	1	30	9478230	9478259	30	1	0
duck_Group3_VDJ:GCTTTAACAAGTCGAA-1_contig_2	ptg000063l	96.667	100	30	1	30	9424502	9424531	30	1	0
duck_Group3_VDJ:GCTTTAACAAGTCGAA-1_contig_2	ptg000063l	96.667	100	30	1	30	9426921	9426950	30	1	0
duck_Group3_VDJ:GCTTTAACAAGTCGAA-1_contig_2	ptg000063l	96.667	100	30	1	30	9460522	9460551	30	1	0
duck_Group3_VDJ:GCTTTAACAAGTCGAA-1_contig_2	ptg000063l	96.667	100	30	1	30	9467231	9467260	30	1	0
duck_Group3_VDJ:GCTTTAACAAGTCGAA-1_contig_2	ptg000063l	96.667	100	30	1	30	9478230	9478259	30	1	0
duck_Group3_VDJ:GCTTTGAAGCCATACA-1_contig_1	ptg000063l	96.667	100	30	1	30	9424502	9424531	30	1	0
duck_Group3_VDJ:GCTTTGAAGCCATACA-1_contig_1	ptg000063l	96.667	100	30	1	30	9426921	9426950	30	1	0
duck_Group3_VDJ:GCTTTGAAGCCATACA-1_contig_1	ptg000063l	96.667	100	30	1	30	9460522	9460551	30	1	0
duck_Group3_VDJ:GCTTTGAAGCCATACA-1_contig_1	ptg000063l	96.667	100	30	1	30	9467231	9467260	30	1	0
duck_Group3_VDJ:GCTTTGAAGCCATACA-1_contig_1	ptg000063l	96.667	100	30	1	30	9478230	9478259	30	1	0
duck_Group3_VDJ:GGATGTCTCCCTGCTA-1_contig_2	ptg000063l	93.939	100	33	1	33	9430383	9430415	33	2	0
duck_Group3_VDJ:GGCATGAAGATGATGA-1_contig_1	ptg000063l	96.667	100	30	1	30	9424502	9424531	30	1	0
duck_Group3_VDJ:GGCATGAAGATGATGA-1_contig_1	ptg000063l	96.667	100	30	1	30	9426921	9426950	30	1	0
duck_Group3_VDJ:GGCATGAAGATGATGA-1_contig_1	ptg000063l	96.667	100	30	1	30	9460522	9460551	30	1	0
duck_Group3_VDJ:GGCATGAAGATGATGA-1_contig_1	ptg000063l	96.667	100	30	1	30	9467231	9467260	30	1	0
duck_Group3_VDJ:GGCATGAAGATGATGA-1_contig_1	ptg000063l	96.667	100	30	1	30	9478230	9478259	30	1	0
duck_Group3_VDJ:GGCGTAGCACATGAAG-1_contig_1	ptg000189l	89.796	100	48	1	48	521918	521966	49	4	1
duck_Group3_VDJ:GGCGTAGCACATGAAG-1_contig_1	ptg000189l	88.000	100	48	1	48	505022	504974	50	3	3
duck_Group3_VDJ:GGGCTTGTCGCTAAAT-1_contig_1	ptg000063l	96.667	100	30	1	30	9424502	9424531	30	1	0
duck_Group3_VDJ:GGGCTTGTCGCTAAAT-1_contig_1	ptg000063l	96.667	100	30	1	30	9426921	9426950	30	1	0
duck_Group3_VDJ:GGGCTTGTCGCTAAAT-1_contig_1	ptg000063l	96.667	100	30	1	30	9460522	9460551	30	1	0
duck_Group3_VDJ:GGGCTTGTCGCTAAAT-1_contig_1	ptg000063l	96.667	100	30	1	30	9467231	9467260	30	1	0
duck_Group3_VDJ:GGGCTTGTCGCTAAAT-1_contig_1	ptg000063l	96.667	100	30	1	30	9478230	9478259	30	1	0
duck_Group3_VDJ:GGGGAATGTACTTAAG-1_contig_1	ptg000063l	96.667	100	30	1	30	9424502	9424531	30	1	0
duck_Group3_VDJ:GGGGAATGTACTTAAG-1_contig_1	ptg000063l	96.667	100	30	1	30	9426921	9426950	30	1	0
duck_Group3_VDJ:GGGGAATGTACTTAAG-1_contig_1	ptg000063l	96.667	100	30	1	30	9460522	9460551	30	1	0
duck_Group3_VDJ:GGGGAATGTACTTAAG-1_contig_1	ptg000063l	96.667	100	30	1	30	9467231	9467260	30	1	0
duck_Group3_VDJ:GGGGAATGTACTTAAG-1_contig_1	ptg000063l	96.667	100	30	1	30	9478230	9478259	30	1	0
duck_Group3_VDJ:GGGTATTGTCCTTCCC-1_contig_1	ptg000063l	93.939	100	33	1	33	9465478	9465510	33	2	0
duck_Group3_VDJ:GGGTATTGTCCTTCCC-1_contig_1	ptg000063l	93.939	100	33	1	33	9490465	9490497	33	2	0
duck_Group3_VDJ:GTGTATTAGCAGGGAC-1_contig_1	ptg000063l	96.667	100	30	1	30	9424502	9424531	30	1	0
duck_Group3_VDJ:GTGTATTAGCAGGGAC-1_contig_1	ptg000063l	96.667	100	30	1	30	9426921	9426950	30	1	0
duck_Group3_VDJ:GTGTATTAGCAGGGAC-1_contig_1	ptg000063l	96.667	100	30	1	30	9460522	9460551	30	1	0
duck_Group3_VDJ:GTGTATTAGCAGGGAC-1_contig_1	ptg000063l	96.667	100	30	1	30	9467231	9467260	30	1	0
duck_Group3_VDJ:GTGTATTAGCAGGGAC-1_contig_1	ptg000063l	96.667	100	30	1	30	9478230	9478259	30	1	0
miniHA3_G1_VDJ:AAACCATTCGGAAGCA-1_contig_1	ptg000063l	93.939	100	33	1	33	9452175	9452207	33	2	0
miniHA3_G1_VDJ:AAAGCATCAAACATTT-1_contig_1	ptg000199l	86.538	100	51	1	51	534715	534664	52	6	1
miniHA3_G1_VDJ:AAAGCCACAGTTGAGA-1_contig_2	ptg000189l	84.615	100	51	1	51	500532	500583	52	7	1
miniHA3_G1_VDJ:AAATCAGAGGCCACAT-1_contig_1	ptg000063l	93.939	100	33	1	33	9431127	9431159	33	2	0
miniHA3_G1_VDJ:AACCATGTCAGAGTAA-1_contig_1	ptg000063l	93.939	100	33	1	33	9431128	9431159	33	1	1
miniHA3_G1_VDJ:AACGTGCTCCAATTCC-1_contig_1	ptg000189l	87.755	100	48	1	48	521918	521966	49	5	1
miniHA3_G1_VDJ:AACGTGCTCCAATTCC-1_contig_1	ptg000189l	85.714	100	48	1	48	505022	504974	49	6	1
miniHA3_G1_VDJ:AACTAGAAGATGGGCA-1_contig_1	ptg000199l	91.837	100	48	1	48	547129	547177	49	3	1
miniHA3_G1_VDJ:AACTCTACAATTCGGT-1_contig_1	ptg000063l	93.939	100	33	1	33	9431128	9431159	33	1	1
miniHA3_G1_VDJ:AAGCATCGTAGCGGAG-1_contig_1	ptg000199l	86.538	100	51	1	51	534715	534664	52	6	1
miniHA3_G1_VDJ:AAGCATCGTAGCGGAG-1_contig_2	ptg000063l	96.667	100	30	1	30	9424502	9424531	30	1	0
miniHA3_G1_VDJ:AAGCATCGTAGCGGAG-1_contig_2	ptg000063l	96.667	100	30	1	30	9426921	9426950	30	1	0
miniHA3_G1_VDJ:AAGCATCGTAGCGGAG-1_contig_2	ptg000063l	96.667	100	30	1	30	9460522	9460551	30	1	0
miniHA3_G1_VDJ:AAGCATCGTAGCGGAG-1_contig_2	ptg000063l	96.667	100	30	1	30	9467231	9467260	30	1	0
miniHA3_G1_VDJ:AAGCATCGTAGCGGAG-1_contig_2	ptg000063l	96.667	100	30	1	30	9478230	9478259	30	1	0
miniHA3_G1_VDJ:AAGCATTTCCAGTATG-1_contig_1	ptg000063l	96.667	100	30	1	30	9424502	9424531	30	1	0
miniHA3_G1_VDJ:AAGCATTTCCAGTATG-1_contig_1	ptg000063l	96.667	100	30	1	30	9426921	9426950	30	1	0
miniHA3_G1_VDJ:AAGCATTTCCAGTATG-1_contig_1	ptg000063l	96.667	100	30	1	30	9460522	9460551	30	1	0
miniHA3_G1_VDJ:AAGCATTTCCAGTATG-1_contig_1	ptg000063l	96.667	100	30	1	30	9467231	9467260	30	1	0
miniHA3_G1_VDJ:AAGCATTTCCAGTATG-1_contig_1	ptg000063l	96.667	100	30	1	30	9478230	9478259	30	1	0
miniHA3_G1_VDJ:AAGCCAGAGGTTAATC-1_contig_1	ptg000063l	96.970	100	33	1	33	9473408	9473440	33	1	0
miniHA3_G1_VDJ:AAGCCATGTCCTAGAG-1_contig_1	ptg000063l	100.000	100	33	1	33	9452660	9452692	33	0	0
miniHA3_G1_VDJ:AAGCCATGTCCTAGAG-1_contig_1	ptg000063l	96.970	100	33	1	33	9461268	9461300	33	1	0
miniHA3_G1_VDJ:AAGCGTACAATCTCTT-1_contig_1	ptg000189l	84.615	100	51	1	51	500532	500583	52	7	1
miniHA3_G1_VDJ:AAGCTTGTCGTACGTA-1_contig_1	ptg000063l	100.000	100	33	1	33	9452660	9452692	33	0	0
miniHA3_G1_VDJ:AAGCTTGTCGTACGTA-1_contig_1	ptg000063l	96.970	100	33	1	33	9461268	9461300	33	1	0
miniHA3_G1_VDJ:AAGTTGCGTGGTAGGG-1_contig_2	ptg000199l	86.538	100	51	1	51	534715	534664	52	6	1
miniHA3_G1_VDJ:AATATTGTCCCAGCCT-1_contig_1	ptg000199l	91.837	100	48	1	48	547129	547177	49	3	1
miniHA3_G1_VDJ:AATGTGTTCCGATGTA-1_contig_1	ptg000063l	100.000	100	33	1	33	9452660	9452692	33	0	0
miniHA3_G1_VDJ:AATGTGTTCCGATGTA-1_contig_1	ptg000063l	96.970	100	33	1	33	9461268	9461300	33	1	0
miniHA3_G1_VDJ:ACAATCCCAATTGCTA-1_contig_1	ptg000199l	86.538	100	51	1	51	534715	534664	52	6	1
miniHA3_G1_VDJ:ACAATGGCAGTAATCC-1_contig_1	ptg000199l	91.837	100	48	1	48	547129	547177	49	3	1
miniHA3_G1_VDJ:ACACAGACAGCAATCT-1_contig_1	ptg000199l	86.538	100	51	1	51	534715	534664	52	6	1
miniHA3_G1_VDJ:ACAGACCTCCCGACTC-1_contig_1	ptg000199l	86.538	100	51	1	51	534715	534664	52	6	1
miniHA3_G1_VDJ:ACAGGGTCACCCAGAC-1_contig_1	ptg000063l	93.939	100	33	1	33	9452175	9452207	33	2	0
miniHA3_G1_VDJ:ACATAGGCACCTTACC-1_contig_1	ptg000189l	91.837	100	48	1	48	511686	511734	49	3	1
miniHA3_G1_VDJ:ACATCATAGCCGTAGT-1_contig_1	ptg000063l	93.939	100	33	1	33	9431128	9431159	33	1	1
miniHA3_G1_VDJ:ACCATCTTCACCAACA-1_contig_1	ptg000199l	86.538	100	51	1	51	534715	534664	52	6	1
miniHA3_G1_VDJ:ACCATGGGTGCATTGG-1_contig_1	ptg000199l	86.538	100	51	1	51	534715	534664	52	6	1
miniHA3_G1_VDJ:ACCCAACAGATTACAC-1_contig_1	ptg000189l	87.755	100	48	1	48	521918	521966	49	5	1
miniHA3_G1_VDJ:ACCCAACAGATTACAC-1_contig_1	ptg000189l	85.714	100	48	1	48	505022	504974	49	6	1
miniHA3_G1_VDJ:ACGACCCCAGCCAATT-1_contig_1	ptg000063l	96.970	100	33	1	33	9452175	9452207	33	1	0
miniHA3_G1_VDJ:ACGTCGCCAAGGACAC-1_contig_1	ptg000063l	96.970	100	33	1	33	9473408	9473440	33	1	0
miniHA3_G1_VDJ:ACTCGGGTCCGCATAA-1_contig_1	ptg000063l	93.939	100	33	1	33	9452175	9452207	33	2	0
miniHA3_G1_VDJ:ACTCTCCCAACTGCAT-1_contig_1	ptg000199l	91.837	100	48	1	48	547129	547177	49	3	1
miniHA3_G1_VDJ:ACTCTGTTCATTGTGG-1_contig_1	ptg000063l	96.970	100	33	1	33	9452175	9452207	33	1	0
miniHA3_G1_VDJ:ACTGGCGTCACGCTAA-1_contig_1	ptg000063l	96.970	100	33	1	33	9452175	9452207	33	1	0
miniHA3_G1_VDJ:ACTGGGGCAAGCGAAC-1_contig_1	ptg000063l	93.939	100	33	1	33	9452175	9452207	33	2	0
miniHA3_G1_VDJ:ACTGTCGCAGGGTATA-1_contig_1	ptg000063l	93.939	100	33	1	33	9431128	9431159	33	1	1
miniHA3_G1_VDJ:AGCCCCTTCCTTAGCT-1_contig_1	ptg000063l	96.667	100	30	1	30	9424502	9424531	30	1	0
miniHA3_G1_VDJ:AGCCCCTTCCTTAGCT-1_contig_1	ptg000063l	96.667	100	30	1	30	9426921	9426950	30	1	0
miniHA3_G1_VDJ:AGCCCCTTCCTTAGCT-1_contig_1	ptg000063l	96.667	100	30	1	30	9460522	9460551	30	1	0
miniHA3_G1_VDJ:AGCCCCTTCCTTAGCT-1_contig_1	ptg000063l	96.667	100	30	1	30	9467231	9467260	30	1	0
miniHA3_G1_VDJ:AGCCCCTTCCTTAGCT-1_contig_1	ptg000063l	96.667	100	30	1	30	9478230	9478259	30	1	0
miniHA3_G1_VDJ:AGCGGACAGCCCACGA-1_contig_2	ptg000199l	91.837	100	48	1	48	547129	547177	49	3	1
miniHA3_G1_VDJ:AGCGGACAGCGCCCAA-1_contig_2	ptg000063l	100.000	100	33	1	33	9452660	9452692	33	0	0
miniHA3_G1_VDJ:AGCGGACAGCGCCCAA-1_contig_2	ptg000063l	96.970	100	33	1	33	9461268	9461300	33	1	0
miniHA3_G1_VDJ:AGGACCGCAACCTGCA-1_contig_1	ptg000199l	91.837	100	48	1	48	547129	547177	49	3	1
miniHA3_G1_VDJ:AGGACTCTCAGCCTCC-1_contig_1	ptg000189l	87.755	100	48	1	48	521918	521966	49	5	1
miniHA3_G1_VDJ:AGGACTCTCAGCCTCC-1_contig_1	ptg000189l	85.714	100	48	1	48	505022	504974	49	6	1
miniHA3_G1_VDJ:AGGAGGTGTATGGGCC-1_contig_1	ptg000199l	86.538	100	51	1	51	534715	534664	52	6	1
miniHA3_G1_VDJ:AGGCACAAGGTCCGCA-1_contig_1	ptg000063l	93.939	100	33	1	33	9452175	9452207	33	2	0
miniHA3_G1_VDJ:AGGGACTCAGCATGGG-1_contig_1	ptg000199l	86.538	100	51	1	51	534715	534664	52	6	1
miniHA3_G1_VDJ:AGGGGCAGTCAAACGT-1_contig_1	ptg000199l	86.538	100	51	1	51	534715	534664	52	6	1
miniHA3_G1_VDJ:AGGTAAATCAAGCATT-1_contig_1	ptg000063l	93.939	100	33	1	33	9472429	9472461	33	2	0
miniHA3_G1_VDJ:AGTCCGGTCAGGCCAT-1_contig_2	ptg000189l	84.615	100	51	1	51	500532	500583	52	7	1
miniHA3_G1_VDJ:AGTCTCGCACATAACC-1_contig_1	ptg000063l	96.970	100	33	1	33	9452175	9452207	33	1	0
miniHA3_G1_VDJ:AGTGATAAGAGCGATG-1_contig_1	ptg000189l	87.755	100	48	1	48	521918	521966	49	5	1
miniHA3_G1_VDJ:AGTGATAAGAGCGATG-1_contig_1	ptg000189l	85.714	100	48	1	48	505022	504974	49	6	1
miniHA3_G1_VDJ:AGTGCAGAGCTTAGTG-1_contig_1	ptg000063l	100.000	100	30	1	30	9419242	9419271	30	0	0
miniHA3_G1_VDJ:AGTTAGTTCAGTAATC-1_contig_1	ptg000189l	87.755	100	48	1	48	521918	521966	49	5	1
miniHA3_G1_VDJ:AGTTAGTTCAGTAATC-1_contig_1	ptg000189l	85.714	100	48	1	48	505022	504974	49	6	1
miniHA3_G1_VDJ:ATAACAGAGAGTCAGG-1_contig_1	ptg000199l	86.538	100	51	1	51	534715	534664	52	6	1
miniHA3_G1_VDJ:ATACAAGAGAAGCTTT-1_contig_1	ptg000063l	93.939	100	33	1	33	9431128	9431159	33	1	1
miniHA3_G1_VDJ:ATACGGTGTCGCAGTA-1_contig_1	ptg000189l	87.755	100	48	1	48	521918	521966	49	5	1
miniHA3_G1_VDJ:ATACGGTGTCGCAGTA-1_contig_1	ptg000189l	85.714	100	48	1	48	505022	504974	49	6	1
miniHA3_G1_VDJ:ATATGTATCCACCCGT-1_contig_2	ptg000063l	93.939	100	33	1	33	9431128	9431159	33	1	1
miniHA3_G1_VDJ:ATCGGACTCCGCATGG-1_contig_1	ptg000199l	86.538	100	51	1	51	534715	534664	52	6	1
miniHA3_G1_VDJ:ATCTCTTCACTTATCT-1_contig_1	ptg000063l	96.970	100	33	1	33	9452175	9452207	33	1	0
miniHA3_G1_VDJ:ATCTGCCGTAGGAGTA-1_contig_1	ptg000063l	100.000	100	33	1	33	9452660	9452692	33	0	0
miniHA3_G1_VDJ:ATCTGCCGTAGGAGTA-1_contig_1	ptg000063l	96.970	100	33	1	33	9461268	9461300	33	1	0
miniHA3_G1_VDJ:ATGCAGACAATGAATA-1_contig_1	ptg000199l	86.538	100	51	1	51	534715	534664	52	6	1
miniHA3_G1_VDJ:ATGCCCACACATTAGC-1_contig_1	ptg000199l	86.538	100	51	1	51	534715	534664	52	6	1
miniHA3_G1_VDJ:ATTAACATCCACAACA-1_contig_1	ptg000199l	86.538	100	51	1	51	534715	534664	52	6	1
miniHA3_G1_VDJ:ATTATCTTCAGCTGTA-1_contig_1	ptg000063l	96.970	100	33	1	33	9452175	9452207	33	1	0
miniHA3_G1_VDJ:ATTCAACAGGGGGTAC-1_contig_1	ptg000063l	93.939	100	33	1	33	9472429	9472461	33	2	0
miniHA3_G1_VDJ:ATTCGTCTCCCTTCAG-1_contig_1	ptg000063l	93.939	100	33	1	33	9431128	9431159	33	1	1
miniHA3_G1_VDJ:ATTCGTTGTCAAAGCT-1_contig_1	ptg000199l	91.837	100	48	1	48	547129	547177	49	3	1
miniHA3_G1_VDJ:ATTCTAGCAACTTAAT-1_contig_1	ptg000189l	87.755	100	48	1	48	521918	521966	49	5	1
miniHA3_G1_VDJ:ATTCTAGCAACTTAAT-1_contig_1	ptg000189l	85.714	100	48	1	48	505022	504974	49	6	1
miniHA3_G1_VDJ:CAAATCCCAGTACTCG-1_contig_1	ptg000063l	93.939	100	33	1	33	9431128	9431159	33	1	1
miniHA3_G1_VDJ:CAATGCGGTGGAAAGC-1_contig_1	ptg000063l	100.000	100	33	1	33	9452175	9452207	33	0	0
miniHA3_G1_VDJ:CACAAGGAGCGCACAT-1_contig_1	ptg000063l	96.667	100	30	1	30	9424502	9424531	30	1	0
miniHA3_G1_VDJ:CACAAGGAGCGCACAT-1_contig_1	ptg000063l	96.667	100	30	1	30	9426921	9426950	30	1	0
miniHA3_G1_VDJ:CACAAGGAGCGCACAT-1_contig_1	ptg000063l	96.667	100	30	1	30	9460522	9460551	30	1	0
miniHA3_G1_VDJ:CACAAGGAGCGCACAT-1_contig_1	ptg000063l	96.667	100	30	1	30	9467231	9467260	30	1	0
miniHA3_G1_VDJ:CACAAGGAGCGCACAT-1_contig_1	ptg000063l	96.667	100	30	1	30	9478230	9478259	30	1	0
miniHA3_G1_VDJ:CACCATAAGAGGGTAT-1_contig_2	ptg000199l	84.615	100	51	1	51	534715	534664	52	7	1
miniHA3_G1_VDJ:CACCCTATCCGGGAAA-1_contig_1	ptg000063l	100.000	100	33	1	33	9452175	9452207	33	0	0
miniHA3_G1_VDJ:CACTCCCAGGTCTGCG-1_contig_1	ptg000063l	96.667	100	30	1	30	9424502	9424531	30	1	0
miniHA3_G1_VDJ:CACTCCCAGGTCTGCG-1_contig_1	ptg000063l	96.667	100	30	1	30	9426921	9426950	30	1	0
miniHA3_G1_VDJ:CACTCCCAGGTCTGCG-1_contig_1	ptg000063l	96.667	100	30	1	30	9460522	9460551	30	1	0
miniHA3_G1_VDJ:CACTCCCAGGTCTGCG-1_contig_1	ptg000063l	96.667	100	30	1	30	9467231	9467260	30	1	0
miniHA3_G1_VDJ:CACTCCCAGGTCTGCG-1_contig_1	ptg000063l	96.667	100	30	1	30	9478230	9478259	30	1	0
miniHA3_G1_VDJ:CAGTCCACAATCATCA-1_contig_1	ptg000063l	96.970	100	33	1	33	9473408	9473440	33	1	0
miniHA3_G1_VDJ:CATAACGTCCACAAGC-1_contig_1	ptg000063l	100.000	100	33	1	33	9452660	9452692	33	0	0
miniHA3_G1_VDJ:CATAACGTCCACAAGC-1_contig_1	ptg000063l	96.970	100	33	1	33	9461268	9461300	33	1	0
miniHA3_G1_VDJ:CATACTTGTGGACGCT-1_contig_1	ptg000199l	86.538	100	51	1	51	534715	534664	52	6	1
miniHA3_G1_VDJ:CATAGCGGTCACTTTG-1_contig_2	ptg000063l	100.000	100	30	1	30	9419242	9419271	30	0	0
miniHA3_G1_VDJ:CATAGCGGTGCGCTCC-1_contig_2	ptg000199l	91.837	100	48	1	48	547129	547177	49	3	1
miniHA3_G1_VDJ:CATAGGTGTCATAAGC-1_contig_1	ptg000063l	100.000	100	33	1	33	9452660	9452692	33	0	0
miniHA3_G1_VDJ:CATAGGTGTCATAAGC-1_contig_1	ptg000063l	96.970	100	33	1	33	9461268	9461300	33	1	0
miniHA3_G1_VDJ:CATCATACAAGTGCAA-1_contig_2	ptg000199l	91.837	100	48	1	48	547129	547177	49	3	1
miniHA3_G1_VDJ:CATCGGAGTATAAGGG-1_contig_1	ptg000063l	100.000	100	33	1	33	9452660	9452692	33	0	0
miniHA3_G1_VDJ:CATCGGAGTATAAGGG-1_contig_1	ptg000063l	96.970	100	33	1	33	9461268	9461300	33	1	0
miniHA3_G1_VDJ:CATCTATGTAAGGTTC-1_contig_2	ptg000063l	96.667	100	30	1	30	9424502	9424531	30	1	0
miniHA3_G1_VDJ:CATCTATGTAAGGTTC-1_contig_2	ptg000063l	96.667	100	30	1	30	9426921	9426950	30	1	0
miniHA3_G1_VDJ:CATCTATGTAAGGTTC-1_contig_2	ptg000063l	96.667	100	30	1	30	9460522	9460551	30	1	0
miniHA3_G1_VDJ:CATCTATGTAAGGTTC-1_contig_2	ptg000063l	96.667	100	30	1	30	9467231	9467260	30	1	0
miniHA3_G1_VDJ:CATCTATGTAAGGTTC-1_contig_2	ptg000063l	96.667	100	30	1	30	9478230	9478259	30	1	0
miniHA3_G1_VDJ:CCAGCCCGTAGTGCGC-1_contig_1	ptg000063l	96.667	100	30	1	30	9424502	9424531	30	1	0
miniHA3_G1_VDJ:CCAGCCCGTAGTGCGC-1_contig_1	ptg000063l	96.667	100	30	1	30	9426921	9426950	30	1	0
miniHA3_G1_VDJ:CCAGCCCGTAGTGCGC-1_contig_1	ptg000063l	96.667	100	30	1	30	9460522	9460551	30	1	0
miniHA3_G1_VDJ:CCAGCCCGTAGTGCGC-1_contig_1	ptg000063l	96.667	100	30	1	30	9467231	9467260	30	1	0
miniHA3_G1_VDJ:CCAGCCCGTAGTGCGC-1_contig_1	ptg000063l	96.667	100	30	1	30	9478230	9478259	30	1	0
miniHA3_G1_VDJ:CCAGCCTTCCATTGCT-1_contig_1	ptg000199l	86.538	100	51	1	51	534715	534664	52	6	1
miniHA3_G1_VDJ:CCATAACCAACGAGGT-1_contig_1	ptg000189l	91.837	100	48	1	48	511686	511734	49	3	1
miniHA3_G1_VDJ:CCATGCTGTAAACGGA-1_contig_1	ptg000189l	91.837	100	48	1	48	511686	511734	49	3	1
miniHA3_G1_VDJ:CCCACTATCCTCCGGT-1_contig_1	ptg000063l	96.970	100	33	1	33	9452175	9452207	33	1	0
miniHA3_G1_VDJ:CCGCATCTCATAACTA-1_contig_1	ptg000063l	100.000	100	30	1	30	9419242	9419271	30	0	0
miniHA3_G1_VDJ:CCGGTTCTCGGACTAC-1_contig_1	ptg000063l	96.667	100	30	1	30	9424502	9424531	30	1	0
miniHA3_G1_VDJ:CCGGTTCTCGGACTAC-1_contig_1	ptg000063l	96.667	100	30	1	30	9426921	9426950	30	1	0
miniHA3_G1_VDJ:CCGGTTCTCGGACTAC-1_contig_1	ptg000063l	96.667	100	30	1	30	9460522	9460551	30	1	0
miniHA3_G1_VDJ:CCGGTTCTCGGACTAC-1_contig_1	ptg000063l	96.667	100	30	1	30	9467231	9467260	30	1	0
miniHA3_G1_VDJ:CCGGTTCTCGGACTAC-1_contig_1	ptg000063l	96.667	100	30	1	30	9478230	9478259	30	1	0
miniHA3_G1_VDJ:CCTAAAGTCCAAATTA-1_contig_1	ptg000199l	86.538	100	51	1	51	534715	534664	52	6	1
miniHA3_G1_VDJ:CCTATTCAGGCAACGA-1_contig_1	ptg000199l	91.837	100	48	1	48	547129	547177	49	3	1
miniHA3_G1_VDJ:CCTCGAGAGCTCATAG-1_contig_1	ptg000189l	87.755	100	48	1	48	521918	521966	49	5	1
miniHA3_G1_VDJ:CCTCGAGAGCTCATAG-1_contig_1	ptg000189l	85.714	100	48	1	48	505022	504974	49	6	1
miniHA3_G1_VDJ:CCTCTACCAACCTAGT-1_contig_2	ptg000189l	84.615	100	51	1	51	500532	500583	52	7	1
miniHA3_G1_VDJ:CCTGACACACAATACC-1_contig_2	ptg000199l	84.615	100	51	1	51	534715	534664	52	7	1
miniHA3_G1_VDJ:CCTTAATGTCCGTTTA-1_contig_1	ptg000199l	91.837	100	48	1	48	547129	547177	49	3	1
miniHA3_G1_VDJ:CCTTAGTTCAGGCCCA-1_contig_1	ptg000063l	96.667	100	30	1	30	9424502	9424531	30	1	0
miniHA3_G1_VDJ:CCTTAGTTCAGGCCCA-1_contig_1	ptg000063l	96.667	100	30	1	30	9426921	9426950	30	1	0
miniHA3_G1_VDJ:CCTTAGTTCAGGCCCA-1_contig_1	ptg000063l	96.667	100	30	1	30	9460522	9460551	30	1	0
miniHA3_G1_VDJ:CCTTAGTTCAGGCCCA-1_contig_1	ptg000063l	96.667	100	30	1	30	9467231	9467260	30	1	0
miniHA3_G1_VDJ:CCTTAGTTCAGGCCCA-1_contig_1	ptg000063l	96.667	100	30	1	30	9478230	9478259	30	1	0
miniHA3_G1_VDJ:CCTTGCGGTCACTTTG-1_contig_1	ptg000063l	100.000	100	30	1	30	9419242	9419271	30	0	0
miniHA3_G1_VDJ:CGAAACCTCGCATTAG-1_contig_2	ptg000063l	100.000	100	33	1	33	9452660	9452692	33	0	0
miniHA3_G1_VDJ:CGAAACCTCGCATTAG-1_contig_2	ptg000063l	96.970	100	33	1	33	9461268	9461300	33	1	0
miniHA3_G1_VDJ:CGAAGTCTCAGTTAGT-1_contig_1	ptg000199l	86.538	100	51	1	51	534715	534664	52	6	1
miniHA3_G1_VDJ:CGACAGCGTAGGACCC-1_contig_1	ptg000063l	93.939	100	33	1	33	9431128	9431159	33	1	1
miniHA3_G1_VDJ:CGACTTCGTAGTCGCA-1_contig_2	ptg000199l	84.615	100	51	1	51	534715	534664	52	7	1
miniHA3_G1_VDJ:CGAGTCTAGAACTGAA-1_contig_1	ptg000189l	87.755	100	48	1	48	521918	521966	49	5	1
miniHA3_G1_VDJ:CGAGTCTAGAACTGAA-1_contig_1	ptg000189l	85.714	100	48	1	48	505022	504974	49	6	1
miniHA3_G1_VDJ:CGATTCCGTGGGCGTT-1_contig_2	ptg000063l	100.000	100	33	1	33	9452660	9452692	33	0	0
miniHA3_G1_VDJ:CGATTCCGTGGGCGTT-1_contig_2	ptg000063l	96.970	100	33	1	33	9461268	9461300	33	1	0
miniHA3_G1_VDJ:CGCCAATAGAAAGGTC-1_contig_1	ptg000063l	93.939	100	33	1	33	9431128	9431159	33	1	1
miniHA3_G1_VDJ:CGCGTATAGCTATGTG-1_contig_1	ptg000063l	93.939	100	33	1	33	9431128	9431159	33	1	1
miniHA3_G1_VDJ:CGCTAAATCCAATGCA-1_contig_2	ptg000189l	84.615	100	51	1	51	500532	500583	52	7	1
miniHA3_G1_VDJ:CGGCTTACACAATGTC-1_contig_1	ptg000063l	100.000	100	33	1	33	9452660	9452692	33	0	0
miniHA3_G1_VDJ:CGGCTTACACAATGTC-1_contig_1	ptg000063l	96.970	100	33	1	33	9461268	9461300	33	1	0
miniHA3_G1_VDJ:CGGTGCTCAGCGACGA-1_contig_1	ptg000063l	96.970	100	33	1	33	9473408	9473440	33	1	0
miniHA3_G1_VDJ:CGGTTTCGTATATCCT-1_contig_1	ptg000199l	86.538	100	51	1	51	534715	534664	52	6	1
miniHA3_G1_VDJ:CGGTTTCGTCCATGCT-1_contig_1	ptg000199l	86.538	100	51	1	51	534715	534664	52	6	1
miniHA3_G1_VDJ:CGTAGAACACTGCGTA-1_contig_1	ptg000063l	96.667	100	30	1	30	9424502	9424531	30	1	0
miniHA3_G1_VDJ:CGTAGAACACTGCGTA-1_contig_1	ptg000063l	96.667	100	30	1	30	9426921	9426950	30	1	0
miniHA3_G1_VDJ:CGTAGAACACTGCGTA-1_contig_1	ptg000063l	96.667	100	30	1	30	9460522	9460551	30	1	0
miniHA3_G1_VDJ:CGTAGAACACTGCGTA-1_contig_1	ptg000063l	96.667	100	30	1	30	9467231	9467260	30	1	0
miniHA3_G1_VDJ:CGTAGAACACTGCGTA-1_contig_1	ptg000063l	96.667	100	30	1	30	9478230	9478259	30	1	0
miniHA3_G1_VDJ:CGTGCTACAGCGCACT-1_contig_1	ptg000063l	100.000	100	33	1	33	9452175	9452207	33	0	0
miniHA3_G1_VDJ:CTCACCCAGGGAGTAT-1_contig_1	ptg000063l	96.667	100	30	1	30	9424502	9424531	30	1	0
miniHA3_G1_VDJ:CTCACCCAGGGAGTAT-1_contig_1	ptg000063l	96.667	100	30	1	30	9426921	9426950	30	1	0
miniHA3_G1_VDJ:CTCACCCAGGGAGTAT-1_contig_1	ptg000063l	96.667	100	30	1	30	9460522	9460551	30	1	0
miniHA3_G1_VDJ:CTCACCCAGGGAGTAT-1_contig_1	ptg000063l	96.667	100	30	1	30	9467231	9467260	30	1	0
miniHA3_G1_VDJ:CTCACCCAGGGAGTAT-1_contig_1	ptg000063l	96.667	100	30	1	30	9478230	9478259	30	1	0
miniHA3_G1_VDJ:CTCCTTCTCGCTGTAA-1_contig_1	ptg000199l	88.462	100	51	1	51	534715	534664	52	5	1
miniHA3_G1_VDJ:CTCGAACAGCATGTCA-1_contig_1	ptg000199l	86.538	100	51	1	51	534715	534664	52	6	1
miniHA3_G1_VDJ:CTCTAACTCGCAAGCT-1_contig_1	ptg000189l	87.755	100	48	1	48	521918	521966	49	5	1
miniHA3_G1_VDJ:CTCTAACTCGCAAGCT-1_contig_1	ptg000189l	85.714	100	48	1	48	505022	504974	49	6	1
miniHA3_G1_VDJ:CTCTGAAAGAAGGCAT-1_contig_1	ptg000199l	91.837	100	48	1	48	547129	547177	49	3	1
miniHA3_G1_VDJ:CTGGGGACAAAAGCCA-1_contig_1	ptg000063l	96.667	100	30	1	30	9424502	9424531	30	1	0
miniHA3_G1_VDJ:CTGGGGACAAAAGCCA-1_contig_1	ptg000063l	96.667	100	30	1	30	9426921	9426950	30	1	0
miniHA3_G1_VDJ:CTGGGGACAAAAGCCA-1_contig_1	ptg000063l	96.667	100	30	1	30	9460522	9460551	30	1	0
miniHA3_G1_VDJ:CTGGGGACAAAAGCCA-1_contig_1	ptg000063l	96.667	100	30	1	30	9467231	9467260	30	1	0
miniHA3_G1_VDJ:CTGGGGACAAAAGCCA-1_contig_1	ptg000063l	96.667	100	30	1	30	9478230	9478259	30	1	0
miniHA3_G1_VDJ:CTTCGTCCAACTGTCG-1_contig_1	ptg000063l	93.939	100	33	1	33	9431128	9431159	33	1	1
miniHA3_G1_VDJ:CTTGTCGTCCTTAGTC-1_contig_1	ptg000063l	96.970	100	33	1	33	9473408	9473440	33	1	0
miniHA3_G1_VDJ:GCAATCTCAGTACAAG-1_contig_2	ptg000199l	84.615	100	51	1	51	534715	534664	52	7	1
miniHA3_G1_VDJ:GCACTAATCACTTAAA-1_contig_1	ptg000199l	91.837	100	48	1	48	547129	547177	49	3	1
miniHA3_G1_VDJ:GCACTAGGTGCGGAGA-1_contig_1	ptg000199l	86.538	100	51	1	51	534715	534664	52	6	1
miniHA3_G1_VDJ:GCAGCCTCAGTGGACG-1_contig_1	ptg000063l	96.667	100	30	1	30	9424502	9424531	30	1	0
miniHA3_G1_VDJ:GCAGCCTCAGTGGACG-1_contig_1	ptg000063l	96.667	100	30	1	30	9426921	9426950	30	1	0
miniHA3_G1_VDJ:GCAGCCTCAGTGGACG-1_contig_1	ptg000063l	96.667	100	30	1	30	9460522	9460551	30	1	0
miniHA3_G1_VDJ:GCAGCCTCAGTGGACG-1_contig_1	ptg000063l	96.667	100	30	1	30	9467231	9467260	30	1	0
miniHA3_G1_VDJ:GCAGCCTCAGTGGACG-1_contig_1	ptg000063l	96.667	100	30	1	30	9478230	9478259	30	1	0
miniHA3_G1_VDJ:GCATTGGGTACAATTG-1_contig_1	ptg000063l	100.000	100	33	1	33	9452660	9452692	33	0	0
miniHA3_G1_VDJ:GCATTGGGTACAATTG-1_contig_1	ptg000063l	96.970	100	33	1	33	9461268	9461300	33	1	0
miniHA3_G1_VDJ:GCCATTCGTATACTAG-1_contig_1	ptg000063l	93.939	100	33	1	33	9431128	9431159	33	1	1
miniHA3_G1_VDJ:GCCCGTAAGAGTTGGG-1_contig_1	ptg000063l	100.000	100	33	1	33	9452660	9452692	33	0	0
miniHA3_G1_VDJ:GCCCGTAAGAGTTGGG-1_contig_1	ptg000063l	96.970	100	33	1	33	9461268	9461300	33	1	0
miniHA3_G1_VDJ:GCCTGCCGTCTAATTC-1_contig_1	ptg000063l	100.000	100	33	1	33	9452660	9452692	33	0	0
miniHA3_G1_VDJ:GCCTGCCGTCTAATTC-1_contig_1	ptg000063l	96.970	100	33	1	33	9461268	9461300	33	1	0
miniHA3_G1_VDJ:GCGGAAATCAGTCAAT-1_contig_2	ptg000199l	86.538	100	51	1	51	534715	534664	52	6	1
miniHA3_G1_VDJ:GCGTAACTCCTGCATT-1_contig_1	ptg000199l	86.538	100	51	1	51	534715	534664	52	6	1
miniHA3_G1_VDJ:GCGTAACTCGCCTTGC-1_contig_1	ptg000063l	100.000	100	33	1	33	9452175	9452207	33	0	0
miniHA3_G1_VDJ:GCTAAGACAACTATCA-1_contig_1	ptg000063l	96.970	100	33	1	33	9452175	9452207	33	1	0
miniHA3_G1_VDJ:GCTTAGGGTCATACGG-1_contig_1	ptg000199l	86.538	100	51	1	51	534715	534664	52	6	1
miniHA3_G1_VDJ:GGACGGAGTGCTCTTA-1_contig_1	ptg000063l	100.000	100	33	1	33	9452660	9452692	33	0	0
miniHA3_G1_VDJ:GGACGGAGTGCTCTTA-1_contig_1	ptg000063l	96.970	100	33	1	33	9461268	9461300	33	1	0
miniHA3_G1_VDJ:GGACTACTCCGTACTT-1_contig_1	ptg000063l	96.970	100	33	1	33	9473408	9473440	33	1	0
miniHA3_G1_VDJ:GGCTAACTCGCCTTGC-1_contig_1	ptg000063l	93.939	100	33	1	33	9431128	9431159	33	1	1
miniHA3_G1_VDJ:GGCTAAGAGAACGATA-1_contig_1	ptg000063l	93.939	100	33	1	33	9431128	9431159	33	1	1
miniHA3_G1_VDJ:GGCTCCTTCACATCTC-1_contig_1	ptg000189l	87.755	100	48	1	48	521918	521966	49	5	1
miniHA3_G1_VDJ:GGCTCCTTCACATCTC-1_contig_1	ptg000189l	85.714	100	48	1	48	505022	504974	49	6	1
miniHA3_G1_VDJ:GGGATTACAAAATCCC-1_contig_1	ptg000199l	86.538	100	51	1	51	534715	534664	52	6	1
miniHA3_G1_VDJ:GGGCTTGTCCCAATAG-1_contig_1	ptg000063l	100.000	100	33	1	33	9452660	9452692	33	0	0
miniHA3_G1_VDJ:GGGCTTGTCCCAATAG-1_contig_1	ptg000063l	96.970	100	33	1	33	9461268	9461300	33	1	0
miniHA3_G1_VDJ:GGGGCTTGTATCTGTT-1_contig_1	ptg000199l	86.538	100	51	1	51	534715	534664	52	6	1
miniHA3_G1_VDJ:GGGGTCTGTAAGCCAT-1_contig_1	ptg000199l	86.538	100	51	1	51	534715	534664	52	6	1
miniHA3_G1_VDJ:GGTCAGTTCGGACCTG-1_contig_1	ptg000063l	96.970	100	33	1	33	9473408	9473440	33	1	0
miniHA3_G1_VDJ:GGTTAGGAGCGTTTAG-1_contig_1	ptg000199l	86.538	100	51	1	51	534715	534664	52	6	1
miniHA3_G1_VDJ:GGTTCGGTCGGACTTA-1_contig_1	ptg000063l	100.000	100	33	1	33	9452660	9452692	33	0	0
miniHA3_G1_VDJ:GGTTCGGTCGGACTTA-1_contig_1	ptg000063l	96.970	100	33	1	33	9461268	9461300	33	1	0
miniHA3_G1_VDJ:GTAACCATCAGTTATA-1_contig_1	ptg000189l	87.755	100	48	1	48	521918	521966	49	5	1
miniHA3_G1_VDJ:GTAACCATCAGTTATA-1_contig_1	ptg000189l	85.714	100	48	1	48	505022	504974	49	6	1
miniHA3_G1_VDJ:GTAGCGGCAAGTCGGG-1_contig_1	ptg000199l	86.538	100	51	1	51	534715	534664	52	6	1
miniHA3_G1_VDJ:GTATAGGCAATCTTAG-1_contig_1	ptg000063l	96.667	100	30	1	30	9424502	9424531	30	1	0
miniHA3_G1_VDJ:GTATAGGCAATCTTAG-1_contig_1	ptg000063l	96.667	100	30	1	30	9426921	9426950	30	1	0
miniHA3_G1_VDJ:GTATAGGCAATCTTAG-1_contig_1	ptg000063l	96.667	100	30	1	30	9460522	9460551	30	1	0
miniHA3_G1_VDJ:GTATAGGCAATCTTAG-1_contig_1	ptg000063l	96.667	100	30	1	30	9467231	9467260	30	1	0
miniHA3_G1_VDJ:GTATAGGCAATCTTAG-1_contig_1	ptg000063l	96.667	100	30	1	30	9478230	9478259	30	1	0
miniHA3_G1_VDJ:GTATCTTGTGTGAGTT-1_contig_1	ptg000063l	93.939	100	33	1	33	9431128	9431159	33	1	1
miniHA3_G1_VDJ:GTATGTCCAATGATCC-1_contig_1	ptg000199l	91.837	100	48	1	48	547129	547177	49	3	1
miniHA3_G1_VDJ:GTATGTGTCATATGTA-1_contig_1	ptg000199l	86.538	100	51	1	51	534715	534664	52	6	1
miniHA3_G1_VDJ:GTCATGCAGGCGTTAC-1_contig_2	ptg000189l	88.462	100	51	1	51	500532	500583	52	5	1
miniHA3_G1_VDJ:GTCATTCTCCTGAACA-1_contig_2	ptg000063l	96.970	100	33	1	33	9428521	9428553	33	1	0
miniHA3_G1_VDJ:GTCATTCTCCTGAACA-1_contig_2	ptg000063l	96.970	100	33	1	33	9437294	9437326	33	1	0
miniHA3_G1_VDJ:GTCCATTTCGGTTACA-1_contig_1	ptg000063l	96.970	100	33	1	33	9473408	9473440	33	1	0
miniHA3_G1_VDJ:GTCGCACCACTATGAC-1_contig_1	ptg000063l	96.970	100	33	1	33	9473408	9473440	33	1	0
miniHA3_G1_VDJ:GTCGTAATCGCTGTAA-1_contig_2	ptg000199l	88.462	100	51	1	51	534715	534664	52	5	1
miniHA3_G1_VDJ:GTCTATACAAGAATTA-1_contig_1	ptg000199l	91.837	100	48	1	48	547129	547177	49	3	1
miniHA3_G1_VDJ:GTCTCGCTCATTAACA-1_contig_2	ptg000199l	91.837	100	48	1	48	547129	547177	49	3	1
miniHA3_G1_VDJ:GTCTGAGGTCAGTTAA-1_contig_1	ptg000063l	100.000	100	33	1	33	9452660	9452692	33	0	0
miniHA3_G1_VDJ:GTCTGAGGTCAGTTAA-1_contig_1	ptg000063l	96.970	100	33	1	33	9461268	9461300	33	1	0
miniHA3_G1_VDJ:GTGAAATCAATCGAGA-1_contig_1	ptg000063l	100.000	100	33	1	33	9452660	9452692	33	0	0
miniHA3_G1_VDJ:GTGAAATCAATCGAGA-1_contig_1	ptg000063l	96.970	100	33	1	33	9461268	9461300	33	1	0
miniHA3_G1_VDJ:GTGAAATCACCACCAA-1_contig_1	ptg000199l	86.538	100	51	1	51	534715	534664	52	6	1
miniHA3_G1_VDJ:GTGCTGTAGAACAGAC-1_contig_1	ptg000063l	93.939	100	33	1	33	9431128	9431159	33	1	1
miniHA3_G1_VDJ:GTGGCCGGTGCGGAGA-1_contig_1	ptg000189l	87.755	100	48	1	48	521918	521966	49	5	1
miniHA3_G1_VDJ:GTGGCCGGTGCGGAGA-1_contig_1	ptg000189l	85.714	100	48	1	48	505022	504974	49	6	1
miniHA3_G1_VDJ:GTGTTGATCGCACCCT-1_contig_2	ptg000063l	100.000	100	33	1	33	9452660	9452692	33	0	0
miniHA3_G1_VDJ:GTGTTGATCGCACCCT-1_contig_2	ptg000063l	96.970	100	33	1	33	9461268	9461300	33	1	0
miniHA3_G1_VDJ:GTTACGGGTCTTATAC-1_contig_1	ptg000063l	96.667	100	30	1	30	9424502	9424531	30	1	0
miniHA3_G1_VDJ:GTTACGGGTCTTATAC-1_contig_1	ptg000063l	96.667	100	30	1	30	9426921	9426950	30	1	0
miniHA3_G1_VDJ:GTTACGGGTCTTATAC-1_contig_1	ptg000063l	96.667	100	30	1	30	9460522	9460551	30	1	0
miniHA3_G1_VDJ:GTTACGGGTCTTATAC-1_contig_1	ptg000063l	96.667	100	30	1	30	9467231	9467260	30	1	0
miniHA3_G1_VDJ:GTTACGGGTCTTATAC-1_contig_1	ptg000063l	96.667	100	30	1	30	9478230	9478259	30	1	0
miniHA3_G1_VDJ:GTTCTAGAGCGTAATT-1_contig_1	ptg000063l	96.667	100	30	1	30	9424502	9424531	30	1	0
miniHA3_G1_VDJ:GTTCTAGAGCGTAATT-1_contig_1	ptg000063l	96.667	100	30	1	30	9426921	9426950	30	1	0
miniHA3_G1_VDJ:GTTCTAGAGCGTAATT-1_contig_1	ptg000063l	96.667	100	30	1	30	9460522	9460551	30	1	0
miniHA3_G1_VDJ:GTTCTAGAGCGTAATT-1_contig_1	ptg000063l	96.667	100	30	1	30	9467231	9467260	30	1	0
miniHA3_G1_VDJ:GTTCTAGAGCGTAATT-1_contig_1	ptg000063l	96.667	100	30	1	30	9478230	9478259	30	1	0
miniHA3_G1_VDJ:GTTCTCAGTCTTAATC-1_contig_1	ptg000199l	86.538	100	51	1	51	534715	534664	52	6	1
miniHA3_G1_VDJ:GTTGGCGTCACGCTAA-1_contig_1	ptg000063l	96.970	100	33	1	33	9452175	9452207	33	1	0
miniHA3_G3_VDJ:AAGCCAGAGATACGAA-1_contig_1	ptg000063l	100.000	100	33	1	33	9473408	9473440	33	0	0
miniHA3_G3_VDJ:AAGTGCACAAGTGGCG-1_contig_1	ptg000063l	93.939	100	33	1	33	9429128	9429160	33	2	0
miniHA3_G3_VDJ:AATGGGTAGGCCACAT-1_contig_1	ptg000063l	96.667	100	30	1	30	9424502	9424531	30	1	0
miniHA3_G3_VDJ:AATGGGTAGGCCACAT-1_contig_1	ptg000063l	96.667	100	30	1	30	9426921	9426950	30	1	0
miniHA3_G3_VDJ:AATGGGTAGGCCACAT-1_contig_1	ptg000063l	96.667	100	30	1	30	9460522	9460551	30	1	0
miniHA3_G3_VDJ:AATGGGTAGGCCACAT-1_contig_1	ptg000063l	96.667	100	30	1	30	9467231	9467260	30	1	0
miniHA3_G3_VDJ:AATGGGTAGGCCACAT-1_contig_1	ptg000063l	96.667	100	30	1	30	9478230	9478259	30	1	0
miniHA3_G3_VDJ:AATTGGTTCACAGCTA-1_contig_1	ptg000063l	96.667	100	30	1	30	9424502	9424531	30	1	0
miniHA3_G3_VDJ:AATTGGTTCACAGCTA-1_contig_1	ptg000063l	96.667	100	30	1	30	9426921	9426950	30	1	0
miniHA3_G3_VDJ:AATTGGTTCACAGCTA-1_contig_1	ptg000063l	96.667	100	30	1	30	9460522	9460551	30	1	0
miniHA3_G3_VDJ:AATTGGTTCACAGCTA-1_contig_1	ptg000063l	96.667	100	30	1	30	9467231	9467260	30	1	0
miniHA3_G3_VDJ:AATTGGTTCACAGCTA-1_contig_1	ptg000063l	96.667	100	30	1	30	9478230	9478259	30	1	0
miniHA3_G3_VDJ:ACACGCCCACTGACAT-1_contig_1	ptg000063l	96.667	100	30	1	30	9424502	9424531	30	1	0
miniHA3_G3_VDJ:ACACGCCCACTGACAT-1_contig_1	ptg000063l	96.667	100	30	1	30	9426921	9426950	30	1	0
miniHA3_G3_VDJ:ACACGCCCACTGACAT-1_contig_1	ptg000063l	96.667	100	30	1	30	9460522	9460551	30	1	0
miniHA3_G3_VDJ:ACACGCCCACTGACAT-1_contig_1	ptg000063l	96.667	100	30	1	30	9467231	9467260	30	1	0
miniHA3_G3_VDJ:ACACGCCCACTGACAT-1_contig_1	ptg000063l	96.667	100	30	1	30	9478230	9478259	30	1	0
miniHA3_G3_VDJ:ACAGACACACTCGCAA-1_contig_1	ptg000063l	96.970	100	33	1	33	9473408	9473440	33	1	0
miniHA3_G3_VDJ:ACAGCTATCGGGCTCA-1_contig_1	ptg000063l	96.667	100	30	1	30	9424502	9424531	30	1	0
miniHA3_G3_VDJ:ACAGCTATCGGGCTCA-1_contig_1	ptg000063l	96.667	100	30	1	30	9426921	9426950	30	1	0
miniHA3_G3_VDJ:ACAGCTATCGGGCTCA-1_contig_1	ptg000063l	96.667	100	30	1	30	9460522	9460551	30	1	0
miniHA3_G3_VDJ:ACAGCTATCGGGCTCA-1_contig_1	ptg000063l	96.667	100	30	1	30	9467231	9467260	30	1	0
miniHA3_G3_VDJ:ACAGCTATCGGGCTCA-1_contig_1	ptg000063l	96.667	100	30	1	30	9478230	9478259	30	1	0
miniHA3_G3_VDJ:ACATGCCAGCGTTTAG-1_contig_1	ptg000063l	93.939	100	33	1	33	9452175	9452207	33	2	0
miniHA3_G3_VDJ:ACATTTCGTGTCGTAG-1_contig_1	ptg000063l	100.000	100	33	1	33	9473408	9473440	33	0	0
miniHA3_G3_VDJ:ACCCGACCACTGACAT-1_contig_1	ptg000063l	96.667	100	30	1	30	9424502	9424531	30	1	0
miniHA3_G3_VDJ:ACCCGACCACTGACAT-1_contig_1	ptg000063l	96.667	100	30	1	30	9426921	9426950	30	1	0
miniHA3_G3_VDJ:ACCCGACCACTGACAT-1_contig_1	ptg000063l	96.667	100	30	1	30	9460522	9460551	30	1	0
miniHA3_G3_VDJ:ACCCGACCACTGACAT-1_contig_1	ptg000063l	96.667	100	30	1	30	9467231	9467260	30	1	0
miniHA3_G3_VDJ:ACCCGACCACTGACAT-1_contig_1	ptg000063l	96.667	100	30	1	30	9478230	9478259	30	1	0
miniHA3_G3_VDJ:ACTTTGGAGAAATTGG-1_contig_1	ptg000063l	96.667	100	30	1	30	9424502	9424531	30	1	0
miniHA3_G3_VDJ:ACTTTGGAGAAATTGG-1_contig_1	ptg000063l	96.667	100	30	1	30	9426921	9426950	30	1	0
miniHA3_G3_VDJ:ACTTTGGAGAAATTGG-1_contig_1	ptg000063l	96.667	100	30	1	30	9460522	9460551	30	1	0
miniHA3_G3_VDJ:ACTTTGGAGAAATTGG-1_contig_1	ptg000063l	96.667	100	30	1	30	9467231	9467260	30	1	0
miniHA3_G3_VDJ:ACTTTGGAGAAATTGG-1_contig_1	ptg000063l	96.667	100	30	1	30	9478230	9478259	30	1	0
miniHA3_G3_VDJ:AGTTTCCTCGCTAACA-1_contig_1	ptg000063l	96.667	100	30	1	30	9424502	9424531	30	1	0
miniHA3_G3_VDJ:AGTTTCCTCGCTAACA-1_contig_1	ptg000063l	96.667	100	30	1	30	9426921	9426950	30	1	0
miniHA3_G3_VDJ:AGTTTCCTCGCTAACA-1_contig_1	ptg000063l	96.667	100	30	1	30	9460522	9460551	30	1	0
miniHA3_G3_VDJ:AGTTTCCTCGCTAACA-1_contig_1	ptg000063l	96.667	100	30	1	30	9467231	9467260	30	1	0
miniHA3_G3_VDJ:AGTTTCCTCGCTAACA-1_contig_1	ptg000063l	96.667	100	30	1	30	9478230	9478259	30	1	0
miniHA3_G3_VDJ:ATAATGCTCGCGAAAG-1_contig_2	ptg000189l	84.615	100	51	1	51	500532	500583	52	7	1
miniHA3_G3_VDJ:ATCCGCACAAAATCAA-1_contig_1	ptg000063l	96.667	100	30	1	30	9424502	9424531	30	1	0
miniHA3_G3_VDJ:ATCCGCACAAAATCAA-1_contig_1	ptg000063l	96.667	100	30	1	30	9426921	9426950	30	1	0
miniHA3_G3_VDJ:ATCCGCACAAAATCAA-1_contig_1	ptg000063l	96.667	100	30	1	30	9460522	9460551	30	1	0
miniHA3_G3_VDJ:ATCCGCACAAAATCAA-1_contig_1	ptg000063l	96.667	100	30	1	30	9467231	9467260	30	1	0
miniHA3_G3_VDJ:ATCCGCACAAAATCAA-1_contig_1	ptg000063l	96.667	100	30	1	30	9478230	9478259	30	1	0
miniHA3_G3_VDJ:ATTGAGAAGAACGTAA-1_contig_1	ptg000063l	96.667	100	30	1	30	9424502	9424531	30	1	0
miniHA3_G3_VDJ:ATTGAGAAGAACGTAA-1_contig_1	ptg000063l	96.667	100	30	1	30	9426921	9426950	30	1	0
miniHA3_G3_VDJ:ATTGAGAAGAACGTAA-1_contig_1	ptg000063l	96.667	100	30	1	30	9460522	9460551	30	1	0
miniHA3_G3_VDJ:ATTGAGAAGAACGTAA-1_contig_1	ptg000063l	96.667	100	30	1	30	9467231	9467260	30	1	0
miniHA3_G3_VDJ:ATTGAGAAGAACGTAA-1_contig_1	ptg000063l	96.667	100	30	1	30	9478230	9478259	30	1	0
miniHA3_G3_VDJ:CCTAGACAGGTAACCC-1_contig_1	ptg000063l	96.667	100	30	1	30	9424502	9424531	30	1	0
miniHA3_G3_VDJ:CCTAGACAGGTAACCC-1_contig_1	ptg000063l	96.667	100	30	1	30	9426921	9426950	30	1	0
miniHA3_G3_VDJ:CCTAGACAGGTAACCC-1_contig_1	ptg000063l	96.667	100	30	1	30	9460522	9460551	30	1	0
miniHA3_G3_VDJ:CCTAGACAGGTAACCC-1_contig_1	ptg000063l	96.667	100	30	1	30	9467231	9467260	30	1	0
miniHA3_G3_VDJ:CCTAGACAGGTAACCC-1_contig_1	ptg000063l	96.667	100	30	1	30	9478230	9478259	30	1	0
miniHA3_G3_VDJ:CGGTGCTCACACTCAG-1_contig_1	ptg000063l	96.667	100	30	1	30	9424502	9424531	30	1	0
miniHA3_G3_VDJ:CGGTGCTCACACTCAG-1_contig_1	ptg000063l	96.667	100	30	1	30	9426921	9426950	30	1	0
miniHA3_G3_VDJ:CGGTGCTCACACTCAG-1_contig_1	ptg000063l	96.667	100	30	1	30	9460522	9460551	30	1	0
miniHA3_G3_VDJ:CGGTGCTCACACTCAG-1_contig_1	ptg000063l	96.667	100	30	1	30	9467231	9467260	30	1	0
miniHA3_G3_VDJ:CGGTGCTCACACTCAG-1_contig_1	ptg000063l	96.667	100	30	1	30	9478230	9478259	30	1	0
miniHA3_G3_VDJ:CGTAATCCAGGCGTAG-1_contig_1	ptg000063l	96.667	100	30	1	30	9424502	9424531	30	1	0
miniHA3_G3_VDJ:CGTAATCCAGGCGTAG-1_contig_1	ptg000063l	96.667	100	30	1	30	9426921	9426950	30	1	0
miniHA3_G3_VDJ:CGTAATCCAGGCGTAG-1_contig_1	ptg000063l	96.667	100	30	1	30	9460522	9460551	30	1	0
miniHA3_G3_VDJ:CGTAATCCAGGCGTAG-1_contig_1	ptg000063l	96.667	100	30	1	30	9467231	9467260	30	1	0
miniHA3_G3_VDJ:CGTAATCCAGGCGTAG-1_contig_1	ptg000063l	96.667	100	30	1	30	9478230	9478259	30	1	0
miniHA3_G3_VDJ:CGTACACAGGCTAACC-1_contig_1	ptg000063l	93.939	100	33	1	33	9431128	9431159	33	1	1
miniHA3_G3_VDJ:CGTTGCGAGAACTAAG-1_contig_1	ptg000063l	96.970	100	33	1	33	9473408	9473440	33	1	0
miniHA3_G3_VDJ:CTATCACTCCTAGCAA-1_contig_1	ptg000063l	96.667	100	30	1	30	9424502	9424531	30	1	0
miniHA3_G3_VDJ:CTATCACTCCTAGCAA-1_contig_1	ptg000063l	96.667	100	30	1	30	9426921	9426950	30	1	0
miniHA3_G3_VDJ:CTATCACTCCTAGCAA-1_contig_1	ptg000063l	96.667	100	30	1	30	9460522	9460551	30	1	0
miniHA3_G3_VDJ:CTATCACTCCTAGCAA-1_contig_1	ptg000063l	96.667	100	30	1	30	9467231	9467260	30	1	0
miniHA3_G3_VDJ:CTATCACTCCTAGCAA-1_contig_1	ptg000063l	96.667	100	30	1	30	9478230	9478259	30	1	0
miniHA3_G3_VDJ:CTCCGAACAAGTGGCG-1_contig_1	ptg000063l	100.000	100	33	1	33	9473408	9473440	33	0	0
miniHA3_G3_VDJ:CTCGCAACAAGGTTCT-1_contig_1	ptg000063l	96.970	100	33	1	33	9452175	9452207	33	1	0
miniHA3_G3_VDJ:CTGATTCTCACGGCCA-1_contig_1	ptg000063l	96.970	100	33	1	33	9473408	9473440	33	1	0
miniHA3_G3_VDJ:CTGTATCTCACAGCTA-1_contig_1	ptg000063l	96.970	100	33	1	33	9473408	9473440	33	1	0
miniHA3_G3_VDJ:GCAACGTTCCGATAGC-1_contig_1	ptg000063l	93.939	100	33	1	33	9452175	9452207	33	2	0
miniHA3_G3_VDJ:GCACAACTCATTCGCT-1_contig_1	ptg000063l	93.939	100	33	1	33	9431127	9431159	33	2	0
miniHA3_G3_VDJ:GCATACCAGGTGATTT-1_contig_1	ptg000063l	96.970	100	33	1	33	9431127	9431159	33	1	0
miniHA3_G3_VDJ:GCTCGTGAGATACAAG-1_contig_1	ptg000063l	100.000	100	24	1	24	9506127	9506150	24	0	0
miniHA3_G3_VDJ:GCTCGTGAGATACAAG-1_contig_2	ptg000063l	93.939	100	33	1	33	9431127	9431159	33	2	0
miniHA3_G3_VDJ:GCTTTCAGTGGTGCCG-1_contig_1	ptg000063l	96.667	100	30	1	30	9424502	9424531	30	1	0
miniHA3_G3_VDJ:GCTTTCAGTGGTGCCG-1_contig_1	ptg000063l	96.667	100	30	1	30	9426921	9426950	30	1	0
miniHA3_G3_VDJ:GCTTTCAGTGGTGCCG-1_contig_1	ptg000063l	96.667	100	30	1	30	9460522	9460551	30	1	0
miniHA3_G3_VDJ:GCTTTCAGTGGTGCCG-1_contig_1	ptg000063l	96.667	100	30	1	30	9467231	9467260	30	1	0
miniHA3_G3_VDJ:GCTTTCAGTGGTGCCG-1_contig_1	ptg000063l	96.667	100	30	1	30	9478230	9478259	30	1	0
miniHA3_G3_VDJ:GGAAGCATCACTTACC-1_contig_1	ptg000063l	100.000	100	33	1	33	9473408	9473440	33	0	0
miniHA3_G3_VDJ:GGATTAGCAAGCGATA-1_contig_1	ptg000063l	96.667	100	30	1	30	9424502	9424531	30	1	0
miniHA3_G3_VDJ:GGATTAGCAAGCGATA-1_contig_1	ptg000063l	96.667	100	30	1	30	9426921	9426950	30	1	0
miniHA3_G3_VDJ:GGATTAGCAAGCGATA-1_contig_1	ptg000063l	96.667	100	30	1	30	9460522	9460551	30	1	0
miniHA3_G3_VDJ:GGATTAGCAAGCGATA-1_contig_1	ptg000063l	96.667	100	30	1	30	9467231	9467260	30	1	0
miniHA3_G3_VDJ:GGATTAGCAAGCGATA-1_contig_1	ptg000063l	96.667	100	30	1	30	9478230	9478259	30	1	0
miniHA3_G3_VDJ:GGGTGCACAACTCGCA-1_contig_1	ptg000063l	93.939	100	33	1	33	9431127	9431159	33	2	0
miniHA3_G3_VDJ:GGTGAATAGGTGATTT-1_contig_1	ptg000063l	93.939	100	33	1	33	9452175	9452207	33	2	0
miniHA3_G3_VDJ:GTAAGTAAGAGGTGAT-1_contig_2	ptg000189l	84.615	100	51	1	51	500532	500583	52	7	1
miniHA3_G3_VDJ:GTCCAAATCATACGCA-1_contig_1	ptg000063l	96.667	100	30	1	30	9424502	9424531	30	1	0
miniHA3_G3_VDJ:GTCCAAATCATACGCA-1_contig_1	ptg000063l	96.667	100	30	1	30	9426921	9426950	30	1	0
miniHA3_G3_VDJ:GTCCAAATCATACGCA-1_contig_1	ptg000063l	96.667	100	30	1	30	9460522	9460551	30	1	0
miniHA3_G3_VDJ:GTCCAAATCATACGCA-1_contig_1	ptg000063l	96.667	100	30	1	30	9467231	9467260	30	1	0
miniHA3_G3_VDJ:GTCCAAATCATACGCA-1_contig_1	ptg000063l	96.667	100	30	1	30	9478230	9478259	30	1	0
miniHA3_G3_VDJ:GTCGAGCGTGGAGCAG-1_contig_1	ptg000063l	96.667	100	30	1	30	9424502	9424531	30	1	0
miniHA3_G3_VDJ:GTCGAGCGTGGAGCAG-1_contig_1	ptg000063l	96.667	100	30	1	30	9426921	9426950	30	1	0
miniHA3_G3_VDJ:GTCGAGCGTGGAGCAG-1_contig_1	ptg000063l	96.667	100	30	1	30	9460522	9460551	30	1	0
miniHA3_G3_VDJ:GTCGAGCGTGGAGCAG-1_contig_1	ptg000063l	96.667	100	30	1	30	9467231	9467260	30	1	0
miniHA3_G3_VDJ:GTCGAGCGTGGAGCAG-1_contig_1	ptg000063l	96.667	100	30	1	30	9478230	9478259	30	1	0
miniHA3_G3_VDJ:GTGGCGACAGTGGCGA-1_contig_2	ptg000063l	93.939	100	33	1	33	9431128	9431159	33	1	1
miniHA3_G3_VDJ:GTGTAGTGTGGTAGTT-1_contig_1	ptg000063l	96.667	100	30	1	30	9424502	9424531	30	1	0
miniHA3_G3_VDJ:GTGTAGTGTGGTAGTT-1_contig_1	ptg000063l	96.667	100	30	1	30	9426921	9426950	30	1	0
miniHA3_G3_VDJ:GTGTAGTGTGGTAGTT-1_contig_1	ptg000063l	96.667	100	30	1	30	9460522	9460551	30	1	0
miniHA3_G3_VDJ:GTGTAGTGTGGTAGTT-1_contig_1	ptg000063l	96.667	100	30	1	30	9467231	9467260	30	1	0
miniHA3_G3_VDJ:GTGTAGTGTGGTAGTT-1_contig_1	ptg000063l	96.667	100	30	1	30	9478230	9478259	30	1	0
miniHA3_G3_VDJ:GTTCAATAGCGTTAGC-1_contig_1	ptg000063l	93.939	100	33	1	33	9452175	9452207	33	2	0
miniHA3_G3_VDJ:GTTGGAACAATCGCGC-1_contig_1	ptg000063l	96.970	100	33	1	33	9473408	9473440	33	1	0
