	qacc	sacc	pident	qcovs	qlen	qstart	qend	sstart	send	length	mismatch	gaps	seg	forward	seg_f	has_sig
180981	duck_G1_VDJ:AGGAATATCACCAATG-1_contig_1	ptg000063l	80.402	100	198	1	198	9418443	9418258	199	25	14	3	False	False	False
1044068	duck_Group3_VDJ:CATACCGCAATGACGA-1_contig_1	ptg000063l	87.319	100	273	1	273	9418966	9419241	276	32	3	3	False	True	False
1044097	duck_Group3_VDJ:CATACCGCAATGACGA-1_contig_1	ptg000063l	76.173	100	273	1	273	9419474	9419730	277	42	24	3	False	True	False
756249	duck_G1_VDJ:GGTTTGGGTGTGTCTC-1_contig_1	ptg000063l	88.785	100	207	1	207	9420855	9421067	214	16	8	3	False	True	False
1044081	duck_Group3_VDJ:CATACCGCAATGACGA-1_contig_1	ptg000063l	83.333	100	273	1	273	9423642	9423902	276	28	18	3	False	True	False
1044083	duck_Group3_VDJ:CATACCGCAATGACGA-1_contig_1	ptg000063l	83.333	100	273	1	273	9424244	9424501	276	25	21	3	False	True	False
1044092	duck_Group3_VDJ:CATACCGCAATGACGA-1_contig_1	ptg000063l	80.797	100	273	1	273	9424975	9425238	276	38	15	3	False	True	False
1044084	duck_Group3_VDJ:CATACCGCAATGACGA-1_contig_1	ptg000063l	82.609	100	273	1	273	9425463	9425723	276	30	18	3	False	True	False
1044090	duck_Group3_VDJ:CATACCGCAATGACGA-1_contig_1	ptg000063l	81.522	100	273	1	273	9426663	9426920	276	30	21	3	False	True	False
1630513	miniHA3_G1_VDJ:CAATGTGTCACTGCCC-1_contig_1	ptg000063l	82.609	100	273	1	273	9427393	9427650	276	27	21	3	False	True	False
1630486	miniHA3_G1_VDJ:CAATGTGTCACTGCCC-1_contig_1	ptg000063l	89.209	100	273	1	273	9428852	9429127	278	23	7	3	False	True	False
1630512	miniHA3_G1_VDJ:CAATGTGTCACTGCCC-1_contig_1	ptg000063l	82.671	100	273	1	273	9429605	9429866	277	29	19	3	False	True	False
1044067	duck_Group3_VDJ:CATACCGCAATGACGA-1_contig_1	ptg000063l	88.406	100	273	1	273	9430107	9430382	276	29	3	3	False	True	False
1630505	miniHA3_G1_VDJ:CAATGTGTCACTGCCC-1_contig_1	ptg000063l	83.394	100	273	1	273	9430866	9431126	277	26	20	3	False	True	False
196771	duck_G1_VDJ:AGGTAACAGACCCGAT-1_contig_1	ptg000063l	88.235	100	201	1	201	9432349	9432552	204	21	3	3	False	True	False
1044082	duck_Group3_VDJ:CATACCGCAATGACGA-1_contig_1	ptg000063l	82.671	100	273	1	273	9432787	9433059	277	40	8	3	False	True	True
1044071	duck_Group3_VDJ:CATACCGCAATGACGA-1_contig_1	ptg000063l	86.232	100	273	1	273	9434814	9435074	276	20	18	3	False	True	False
7877	duck_G1_VDJ:AAAGCTCGTCCTAATT-1_contig_3	ptg000063l	83.249	100	192	1	192	9435484	9435677	197	25	8	3	False	True	False
1044094	duck_Group3_VDJ:CATACCGCAATGACGA-1_contig_1	ptg000063l	80.505	100	273	1	273	9436158	9436422	277	38	16	3	False	True	False
1044088	duck_Group3_VDJ:CATACCGCAATGACGA-1_contig_1	ptg000063l	82.246	100	273	1	273	9437036	9437293	276	28	21	3	False	True	False
1630485	miniHA3_G1_VDJ:CAATGTGTCACTGCCC-1_contig_1	ptg000063l	90.217	100	273	1	273	9437632	9437907	276	24	3	3	False	True	False
1630506	miniHA3_G1_VDJ:CAATGTGTCACTGCCC-1_contig_1	ptg000063l	83.333	100	273	1	273	9438374	9438634	276	28	18	3	False	True	False
1630514	miniHA3_G1_VDJ:CAATGTGTCACTGCCC-1_contig_1	ptg000063l	82.31	100	273	1	273	9438865	9439120	277	24	25	3	False	True	False
1044089	duck_Group3_VDJ:CATACCGCAATGACGA-1_contig_1	ptg000063l	81.884	100	273	1	273	9439345	9439605	276	32	18	3	False	True	False
7858	duck_G1_VDJ:AAAGCTCGTCCTAATT-1_contig_3	ptg000063l	90.104	100	192	1	192	9440015	9440203	192	16	3	3	False	True	False
1044072	duck_Group3_VDJ:CATACCGCAATGACGA-1_contig_1	ptg000063l	85.145	100	273	1	273	9440541	9440816	276	38	3	3	False	True	False
2150686	miniHA3_G3_VDJ:AGTGCTATCGGGTATC-1_contig_1	ptg000063l	77.698	100	273	1	273	9440978	9441235	278	37	25	3	False	True	False
1044069	duck_Group3_VDJ:CATACCGCAATGACGA-1_contig_1	ptg000063l	87.004	100	273	1	273	9442529	9442801	277	28	8	3	False	True	False
2128204	miniHA3_G3_VDJ:ACTTAAATCCTCTGCA-1_contig_1	ptg000063l	87.591	100	270	1	270	9443145	9443417	274	29	5	3	False	True	False
7878	duck_G1_VDJ:AAAGCTCGTCCTAATT-1_contig_3	ptg000063l	82.741	100	192	1	192	9443827	9444020	197	26	8	3	False	True	False
771433	duck_G1_VDJ:GTAGGTTGTGCTCTGT-1_contig_1	ptg000063l	83.15	100	273	1	273	9447422	9447679	273	31	15	3	False	True	False
1630502	miniHA3_G1_VDJ:CAATGTGTCACTGCCC-1_contig_1	ptg000063l	83.513	100	273	1	273	9447914	9448186	279	34	12	3	False	True	False
2128239	miniHA3_G3_VDJ:ACTTAAATCCTCTGCA-1_contig_1	ptg000063l	80.515	100	270	1	270	9448356	9448611	272	35	18	3	False	True	False
1044085	duck_Group3_VDJ:CATACCGCAATGACGA-1_contig_1	ptg000063l	82.609	100	273	1	273	9448706	9448963	276	27	21	3	False	True	False
88	duck_G1_VDJ:AAACCAAAGCACCTCC-1_contig_1	ptg000063l	81.641	100	255	1	255	9449134	9449387	256	44	3	3	False	True	False
1044076	duck_Group3_VDJ:CATACCGCAATGACGA-1_contig_1	ptg000063l	83.394	100	273	1	273	9449622	9449894	277	38	8	3	False	True	False
77774	duck_G1_VDJ:ACACTTCTCGGTCAAC-1_contig_1	ptg000063l	92.241	100	231	1	231	9451949	9452174	232	11	7	3	False	True	False
1044073	duck_Group3_VDJ:CATACCGCAATGACGA-1_contig_1	ptg000063l	85.145	100	273	1	273	9452399	9452659	276	23	18	3	False	True	False
1630515	miniHA3_G1_VDJ:CAATGTGTCACTGCCC-1_contig_1	ptg000063l	81.884	100	273	1	273	9453138	9453397	276	31	19	3	False	True	False
1044078	duck_Group3_VDJ:CATACCGCAATGACGA-1_contig_1	ptg000063l	83.333	100	273	1	273	9453622	9453885	276	31	15	3	False	True	False
1044095	duck_Group3_VDJ:CATACCGCAATGACGA-1_contig_1	ptg000063l	79.856	100	273	1	273	9454115	9454375	278	34	22	3	False	True	False
1044066	duck_Group3_VDJ:CATACCGCAATGACGA-1_contig_1	ptg000063l	89.13	100	273	1	273	9454712	9454987	276	27	3	3	False	True	False
7864	duck_G1_VDJ:AAAGCTCGTCCTAATT-1_contig_3	ptg000063l	88.325	100	192	1	192	9455397	9455590	197	15	8	3	False	True	False
1181268	duck_Group3_VDJ:GCAAGACCAGTTGCGC-1_contig_1	ptg000063l	87.302	100	249	1	249	9457728	9457973	252	23	9	3	False	True	False
74	duck_G1_VDJ:AAACCAAAGCACCTCC-1_contig_1	ptg000063l	86.328	100	255	1	255	9458201	9458446	256	24	11	3	False	True	False
1044079	duck_Group3_VDJ:CATACCGCAATGACGA-1_contig_1	ptg000063l	83.813	100	273	1	273	9460264	9460521	278	20	25	3	False	True	False
1044077	duck_Group3_VDJ:CATACCGCAATGACGA-1_contig_1	ptg000063l	84.058	100	273	1	273	9461007	9461267	276	26	18	3	False	True	False
67	duck_G1_VDJ:AAACCAAAGCACCTCC-1_contig_1	ptg000063l	86.923	100	255	1	255	9461748	9462002	260	24	10	3	False	True	False
756250	duck_G1_VDJ:GGTTTGGGTGTGTCTC-1_contig_1	ptg000063l	87.019	100	207	1	207	9464277	9464484	208	26	1	3	False	True	False
1044070	duck_Group3_VDJ:CATACCGCAATGACGA-1_contig_1	ptg000063l	86.594	100	273	1	273	9464713	9464988	276	34	3	3	False	True	False
976246	duck_Group3_VDJ:ATATTGGGTCGTGGGT-1_contig_1	ptg000063l	86.232	100	273	1	273	9465220	9465477	276	17	21	3	False	True	False
1044065	duck_Group3_VDJ:CATACCGCAATGACGA-1_contig_1	ptg000063l	90.942	100	273	1	273	9465815	9466090	276	22	3	3	False	True	False
1044086	duck_Group3_VDJ:CATACCGCAATGACGA-1_contig_1	ptg000063l	82.734	100	273	1	273	9466973	9467230	278	23	25	3	False	True	False
288768	duck_G1_VDJ:ATTCGATAGCGCTGAT-1_contig_1	ptg000063l	79.259	100	255	1	255	9468175	9468444	270	41	15	3	False	True	False
1630500	miniHA3_G1_VDJ:CAATGTGTCACTGCCC-1_contig_1	ptg000063l	84.173	100	273	1	273	9469419	9469691	278	34	10	3	False	True	True
1044091	duck_Group3_VDJ:CATACCGCAATGACGA-1_contig_1	ptg000063l	81.227	100	273	1	273	9471458	9471718	277	32	20	3	False	True	True
38	duck_G1_VDJ:AAACCAAAGACAGACG-1_contig_1	ptg000063l	80.919	100	273	1	273	9472151	9472428	283	39	15	3	False	True	False
574608	duck_G1_VDJ:CTGACGCCAACGTCGC-1_contig_1	ptg000063l	86.036	100	219	1	219	9472694	9472915	222	28	3	3	False	True	False
2150678	miniHA3_G3_VDJ:AGTGCTATCGGGTATC-1_contig_1	ptg000063l	83.032	100	273	1	273	9473150	9473407	277	24	23	3	False	True	False
2128238	miniHA3_G3_VDJ:ACTTAAATCCTCTGCA-1_contig_1	ptg000063l	81.319	100	270	1	270	9473887	9474142	273	31	20	3	False	True	True
42	duck_G1_VDJ:AAACCAAAGACAGACG-1_contig_1	ptg000063l	81.091	100	273	1	273	9477505	9477759	275	30	22	3	False	True	True
236226	duck_G1_VDJ:ATATGTTCAAAATCCC-1_contig_1	ptg000063l	87.179	100	195	1	195	9478037	9478229	195	23	2	3	False	True	False
1044080	duck_Group3_VDJ:CATACCGCAATGACGA-1_contig_1	ptg000063l	82.609	100	273	1	273	9478761	9479036	276	45	3	3	False	True	False
3	duck_G1_VDJ:AAACCAAAGACAGACG-1_contig_1	ptg000063l	89.744	100	273	1	273	9479273	9479545	273	28	0	3	False	True	True
2150682	miniHA3_G3_VDJ:AGTGCTATCGGGTATC-1_contig_1	ptg000063l	82.014	100	273	1	273	9481311	9481568	278	25	25	3	False	True	True
1044093	duck_Group3_VDJ:CATACCGCAATGACGA-1_contig_1	ptg000063l	81.159	100	273	1	273	9484075	9484332	276	31	21	3	False	True	True
236229	duck_G1_VDJ:ATATGTTCAAAATCCC-1_contig_1	ptg000063l	80.513	100	195	1	195	9484610	9484802	195	36	2	3	False	True	False
1044096	duck_Group3_VDJ:CATACCGCAATGACGA-1_contig_1	ptg000063l	78.058	100	273	1	273	9484897	9485154	278	36	25	3	False	True	False
123812	duck_G1_VDJ:ACGTCCACAGTCTAAC-1_contig_1	ptg000063l	83.645	100	210	1	210	9487507	9487715	214	26	9	3	False	True	True
1044087	duck_Group3_VDJ:CATACCGCAATGACGA-1_contig_1	ptg000063l	82.609	100	273	1	273	9489760	9490017	276	27	21	3	False	True	True
199648	duck_G1_VDJ:AGGTTGGAGATGCATT-1_contig_1	ptg000063l	80.176	100	225	1	225	9490242	9490464	227	39	6	3	False	True	True
236228	duck_G1_VDJ:ATATGTTCAAAATCCC-1_contig_1	ptg000063l	83.59	100	195	1	195	9490742	9490934	195	30	2	3	False	True	False
72	duck_G1_VDJ:AAACCAAAGCACCTCC-1_contig_1	ptg000063l	86.047	100	255	1	255	9491915	9492169	258	30	6	3	False	True	False
2128198	miniHA3_G3_VDJ:ACTTAAATCCTCTGCA-1_contig_1	ptg000063l	90.511	100	270	1	270	9494613	9494886	274	22	4	3	False	True	True
2128203	miniHA3_G3_VDJ:ACTTAAATCCTCTGCA-1_contig_1	ptg000063l	87.591	100	270	1	270	9498488	9498761	274	30	4	3	False	True	True
1044075	duck_Group3_VDJ:CATACCGCAATGACGA-1_contig_1	ptg000063l	84.42	100	273	1	273	9500522	9500782	276	25	18	3	False	True	True
236227	duck_G1_VDJ:ATATGTTCAAAATCCC-1_contig_1	ptg000063l	84.694	100	195	1	195	9501058	9501249	196	25	5	3	False	True	False
1044074	duck_Group3_VDJ:CATACCGCAATGACGA-1_contig_1	ptg000063l	85.145	100	273	1	273	9505869	9506126	276	20	21	3	False	True	True
