	qacc	sacc	pident	qcovs	qlen	qstart	qend	sstart	send	length	mismatch	gaps	seg	forward	seg_f
22790	duck_G1_VDJ:GGACGTAAGGTCGAGA-1_contig_1	ptg000189l	92.276	100	246	1	246	493454	493699	246	19	0	3	False	True
1475	duck_G1_VDJ:AAGCTAGCAGTATGCT-1_contig_1	ptg000189l	90.323	100	216	1	216	494125	493913	217	16	5	3	False	False
574	duck_G1_VDJ:AAATTTCCAGTCCACA-1_contig_1	ptg000189l	89.157	100	249	1	249	494242	494490	249	27	0	3	False	True
1499	duck_G1_VDJ:AAGCTAGCAGTATGCT-1_contig_1	ptg000189l	87.671	100	216	1	216	495459	495241	219	24	3	3	False	False
1	duck_G1_VDJ:AAACCAAAGCGGGATA-1_contig_2	ptg000189l	92.708	100	288	1	288	495876	496163	288	21	0	3	False	True
1500	duck_G1_VDJ:AAGCTAGCAGTATGCT-1_contig_1	ptg000189l	87.671	100	216	1	216	496594	496379	219	21	6	3	False	False
12	duck_G1_VDJ:AAACCAAAGCGGGATA-1_contig_2	ptg000189l	86.851	100	288	1	288	498050	498337	289	36	2	3	False	True
1503	duck_G1_VDJ:AAGCTAGCAGTATGCT-1_contig_1	ptg000189l	86.175	100	216	1	216	498910	498695	217	28	2	3	False	False
18	duck_G1_VDJ:AAACCAAAGCGTACAC-1_contig_1	ptg000189l	90.972	100	288	1	288	498988	499275	288	26	0	3	False	True
1509	duck_G1_VDJ:AAGCTAGCAGTATGCT-1_contig_1	ptg000189l	83.871	100	216	1	216	499819	499604	217	33	2	3	False	False
4	duck_G1_VDJ:AAACCAAAGCGGGATA-1_contig_2	ptg000189l	92.014	100	288	1	288	500244	500531	288	23	0	3	False	True
1489	duck_G1_VDJ:AAGCTAGCAGTATGCT-1_contig_1	ptg000189l	88.889	100	216	1	216	501345	501130	216	24	0	3	False	False
1496	duck_G1_VDJ:AAGCTAGCAGTATGCT-1_contig_1	ptg000189l	88.426	100	216	1	216	501740	501528	216	22	3	3	False	False
576	duck_G1_VDJ:AAATTTCCAGTCCACA-1_contig_1	ptg000189l	88.4	100	249	1	249	502489	502737	250	27	2	3	False	True
1483	duck_G1_VDJ:AAGCTAGCAGTATGCT-1_contig_1	ptg000189l	89.352	100	216	1	216	503164	502949	216	23	0	3	False	False
19970	duck_G1_VDJ:CTTCGTGTCAGACTTG-1_contig_1	ptg000189l	90.545	100	273	1	273	503308	503580	275	22	4	3	False	True
39595	duck_Group3_VDJ:GCAAGGGGTCTGGCTT-1_contig_1	ptg000189l	85.845	100	216	1	216	504584	504366	219	28	3	3	False	False
1506	duck_G1_VDJ:AAGCTAGCAGTATGCT-1_contig_1	ptg000189l	85.135	100	216	1	216	505241	505023	222	24	9	3	False	False
1477	duck_G1_VDJ:AAGCTAGCAGTATGCT-1_contig_1	ptg000189l	89.862	100	216	1	216	506633	506848	217	20	2	3	False	True
1484	duck_G1_VDJ:AAGCTAGCAGTATGCT-1_contig_1	ptg000189l	89.401	100	216	1	216	507217	507002	217	21	2	3	False	False
6	duck_G1_VDJ:AAACCAAAGCGGGATA-1_contig_2	ptg000189l	91.349	100	288	1	288	507632	507916	289	20	5	3	False	True
1255	duck_G1_VDJ:AACTCACCAACGGTCC-1_contig_1	ptg000189l	91.696	100	288	1	288	508862	509146	289	19	5	3	False	True
1511	duck_G1_VDJ:AAGCTAGCAGTATGCT-1_contig_1	ptg000189l	79.724	100	216	1	216	509789	509577	217	39	5	3	False	False
69385	miniHA3_G1_VDJ:ATCGGCCCAATCTTAG-1_contig_2	ptg000189l	90.805	100	261	1	261	509898	510158	261	24	0	3	False	True
24011	duck_G1_VDJ:GGGCAATCACACTCGA-1_contig_1	ptg000189l	83.105	100	216	1	216	510981	510766	219	31	6	3	False	False
0	duck_G1_VDJ:AAACCAAAGCGGGATA-1_contig_2	ptg000189l	93.403	100	288	1	288	511398	511685	288	19	0	3	False	True
1474	duck_G1_VDJ:AAGCTAGCAGTATGCT-1_contig_1	ptg000189l	90.411	100	216	1	216	512079	511864	219	15	6	3	False	False
1478	duck_G1_VDJ:AAGCTAGCAGTATGCT-1_contig_1	ptg000189l	89.954	100	216	1	216	512890	512675	219	16	6	3	False	False
5	duck_G1_VDJ:AAACCAAAGCGGGATA-1_contig_2	ptg000189l	91.667	100	288	1	288	513315	513602	288	24	0	3	False	True
1479	duck_G1_VDJ:AAGCTAGCAGTATGCT-1_contig_1	ptg000189l	89.815	100	216	1	216	514420	514205	216	22	0	3	False	False
1486	duck_G1_VDJ:AAGCTAGCAGTATGCT-1_contig_1	ptg000189l	89.401	100	216	1	216	514960	514745	217	21	2	3	False	False
3	duck_G1_VDJ:AAACCAAAGCGGGATA-1_contig_2	ptg000189l	92.361	100	288	1	288	515038	515325	288	22	0	3	False	True
1487	duck_G1_VDJ:AAGCTAGCAGTATGCT-1_contig_1	ptg000189l	89.498	100	216	1	216	515792	515577	219	17	6	3	False	False
7	duck_G1_VDJ:AAACCAAAGCGGGATA-1_contig_2	ptg000189l	90.068	100	288	1	288	517115	517402	292	21	8	3	False	True
25811	duck_G1_VDJ:GTATCTTGTCATAGGT-1_contig_1	ptg000189l	88.94	100	216	1	216	518224	518009	217	22	2	3	False	False
327	duck_G1_VDJ:AAAGCTAAGAGACTTT-1_contig_1	ptg000189l	89.583	100	285	1	285	518299	518586	288	27	3	3	False	True
1494	duck_G1_VDJ:AAGCTAGCAGTATGCT-1_contig_1	ptg000189l	88.426	100	216	1	216	519229	519014	216	25	0	3	False	False
1473	duck_G1_VDJ:AAGCTAGCAGTATGCT-1_contig_1	ptg000189l	90.741	100	216	1	216	520303	520088	216	20	0	3	False	False
2	duck_G1_VDJ:AAACCAAAGCGGGATA-1_contig_2	ptg000189l	92.708	100	288	1	288	521630	521917	288	21	0	3	False	True
1493	duck_G1_VDJ:AAGCTAGCAGTATGCT-1_contig_1	ptg000189l	88.94	100	216	1	216	522806	522594	217	19	5	3	False	False
1495	duck_G1_VDJ:AAGCTAGCAGTATGCT-1_contig_1	ptg000189l	88.479	100	216	1	216	523358	523143	217	23	2	3	False	False
69379	miniHA3_G1_VDJ:ATCGGCCCAATCTTAG-1_contig_2	ptg000189l	91.571	100	261	1	261	523467	523727	261	22	0	3	False	True
1505	duck_G1_VDJ:AAGCTAGCAGTATGCT-1_contig_1	ptg000189l	85.648	100	216	1	216	525370	525158	216	28	3	3	False	False
1974	duck_G1_VDJ:AATCCCCGTAAGCGCC-1_contig_1	ptg000189l	87.611	100	225	1	225	525573	525797	226	26	2	3	False	True
1510	duck_G1_VDJ:AAGCTAGCAGTATGCT-1_contig_1	ptg000189l	82.648	100	216	1	216	526167	525952	219	32	6	3	False	False
10	duck_G1_VDJ:AAACCAAAGCGGGATA-1_contig_2	ptg000189l	88.235	100	288	1	288	526584	526871	289	32	2	3	False	True
23656	duck_G1_VDJ:GGCTAGCGTATGGAGA-1_contig_1	ptg000189l	91.705	100	216	1	216	527438	527223	217	16	2	3	False	False
1254	duck_G1_VDJ:AACTCACCAACGGTCC-1_contig_1	ptg000189l	92.014	100	288	1	288	527874	528161	288	23	0	3	False	True
1492	duck_G1_VDJ:AAGCTAGCAGTATGCT-1_contig_1	ptg000189l	88.889	100	216	1	216	528594	528379	216	24	0	3	False	False
39608	duck_Group3_VDJ:GCAAGGGGTCTGGCTT-1_contig_1	ptg000189l	81.532	100	216	1	216	529653	529435	222	32	9	3	False	False
1501	duck_G1_VDJ:AAGCTAGCAGTATGCT-1_contig_1	ptg000189l	87.5	100	216	1	216	530027	529815	216	24	3	3	False	False
48	duck_G1_VDJ:AAACCATTCGCAAAGG-1_contig_1	ptg000189l	92.708	100	285	1	285	534125	534412	288	18	3	3	False	True
