	forward	fr1_s	fr1_e	fr2_s	fr2_e	fr3_s	fr3_e	fr4_s	fr4_e	fr_dis	aa_fw123	nr_fw123	nr_tail
ptg000063l_1	True	9418969	9419043	9419071	9419124	9419134	9419241			272	QAALTQPASKTVNLGDTMQITCSGASADGGGNYWYGWYQQKTLGSAPVTVIYSNTYRPSGIPSRFSGSTSGSTNTLTITGVQAEDEAVYYC	CAGGCAGCGCTGACTCAGCCAGCCTCAAAGACGGTGAACCTGGGAGACACCATGCAGATCACCTGCTCCGGTGCTAGTGCTGATGGTGGTGGCAACTACTGGTATGGCTGGTACCAGCAGAAGACCCTTGGCAGTGCCCCTGTCACTGTGATCTATAGCAACACCTACAGACCCTCAGGCATCCCCTCACGATTCTCTGGTTCCACATCTGGCTCCACGAACACGTTAACCATCACTGGGGTCCAAGCTGAGGACGAGGCCGTCTATTACTGT	GGGAGCTACGACAGCAGTGGTGCTGGTTTAGTGATGCAGGGAGATGTGGAATTGAGTGAAAGACAGGCAATAAAAACAGTTTCTTTGTCCTCCTCTCTCA
ptg000063l_2	True	9419474	9419551	9419561	9419613	9419623	9419730			256	VQAAITQLASKSVNLGDTVQITCSGSSNRYGWFQQKTLAVPLSP*SIATPT*P*ASVSDPLVPHLAPRPL*PSLRYKTSRRLSIT	GTCCAGGCAGCGATTACTCAGCTGGCCTCGAAGTCTGTGAACCTGGGAGACACCGTGCAGATCACCTGCTCCGGGAGTAGCAACAGATATGGCTGGTTCCAGCAGAAGACCCTGGCAGTGCCCCTGTCACCGTGATCTATCGCAACACCTACATAACCTTGAGCATCCGTAAGCGATCCTCTGGTTCCACATCTGGCTCCACGGCCACTTTAACCATCTCTGAGGTATAAGACGAGTAGAAGGCTGTCTATTACTGT	GCTAGCTGGGACAGCAGTACTGTGCTGGCTTTTTGTCCGTGACTCTCAGGGCTGAGCAGGGCTGTGGGGCTGTGACAGGTTCCTGGCCCCTCTACAGGAC
ptg000063l_3	True	9420858	9420881	9420897	9420950	9420960	9421067			209	VQITCSGGSSSYVYGWFQQKTPVTAPVTVIYSNNQRPSGIPSRFSGSASGSTNTLTITGVQAEDEAVYYC	GTGCAGATCACCTGCTCTGGGGGTAGCAGCAGCTACGTTTATGGCTGGTTCCAGCAGAAGACTCCTGTCACTGCCCCTGTCACTGTGATCTACAGCAACAACCAGAGACCCTCGGGCATCCCTTCACGATTCTCTGGTTCTGCATCTGGCTCCACGAACACGTTAACCATCACTGGGGTCCAAGCCGAGGACGAGGCCGTCTATTACTGT	GGGAGCTACGACAGCAGTGCTGGTGGTGTCGGGGTGTCAGAGAGCTATGAGGATGTCCGGCAGCTGCACAGTGAGGTGTGTGCATGTGGACCACTCGCTG
ptg000063l_7	True	9423642	9423719	9423732	9423785	9423795	9423902			260	VQAAVTQPASKSVNLGGTVQITCSGGSGSYYGWFQQKTPGSAPVTVIYNNNQRPSGIPSRFSGSKSGSTATLTITGVQAEDEAVYYC	GTCCAGGCAGCGGTGACTCAGCCGGCCTCGAAGTCGGTGAACCTGGGAGGCACCGTGCAGATCACCTGCTCCGGGGGTAGTGGCAGCTACTACGGCTGGTTCCAGCAGAAGACCCCTGGCAGTGCCCCTGTCACCGTGATCTACAACAACAACCAGAGACCCTCGGGCATCCCTTCACGATTCTCTGGTTCCAAATCTGGCTCCACAGCCACGTTAACCATCACTGGGGTCCAAGCTGAGGACGAGGCCGTCTATTACTGT	GGGAGTGAGGACAGCAGTGCTAGTGCTGGTACAGGGACACAGAGCAAGGTGGAAGTAAAGGACAACGCACAGGTTAAAATGGAGGCTTTTTGCCCTTCTC
ptg000063l_8	True	9424244	9424321	9424331	9424384	9424393	9424501			257	VQAALTQPASKSVNLGGTVQITCSGGGSYYGWYQQKTPGSAPVTVIYDNTNRPSGIPSRFSGSKSGSTATLTITGVQAEDEAVYYC	GTCCAGGCAGCGCTGACTCAGCCGGCCTCGAAGTCAGTGAACCTGGGAGGCACCGTGCAGATCACCTGCTCCGGGGGTGGTAGCTACTACGGCTGGTACCAGCAGAAGACCCCTGGCAGTGCCCCTGTCACTGTGATCTATGACAATACCAACAGACCCTCGGGCATCCCTTCTCGATTCTCTGGTTCAAAATCTGGCTCCACAGCCACGTTAACCATCACTGGGGTCCAGGCTGAGGATGAGGCCGTCTATTACTGT	GGTGGCTACGACAGCAGCTGGAGTGCTGTACAGTGACAGTGAGTTACAAGATGTGGGAGTATCCAAAGCCTTAGGAAGGTTTTCTCTCCTTCCTGTTGGC
ptg000063l_9	True	9424975	9425052	9425068	9425121	9425131	9425238			263	VQAALTQSAS*SVNLGGTVQITCSGGSSSYVYGWFQQKTPVTAPVTVIYSNNQRPSGIPSRFSGSKSGSTATLTITGVQAEDEAVYCC	GTCCAGGCAGCGCTGACTCAGTCGGCCTCATAGTCGGTGAACCTGGGAGGAACCGTGCAGATCACCTGCTCTGGGGGTAGCAGCAGCTACGTTTATGGCTGGTTCCAGCAGAAGACTCCTGTCACTGCCCCTGTCACTGTGATCTACAGCAACAACCAGAGACCCTCGGGCATCCCTTCACGATTCTCTGGTTCCAAATCTGGCTCCACAGCCACGTTAACCATCACTGGGGTCCAAGCCGAGGACGAGGCCGTCTATTGCTGT	GGGAGCGTGGACAGCAGTGCTAGTGTTGGTACAGGGACACAGAGCAATGGGGACATGAGGGACACAGCACAGCTAGAAATGGAGGCTTCCTGCTCTTGTC
ptg000063l_11	True	9426663	9426740	9426750	9426803	9426812	9426920			257	VQAALTQPASKSVNLGGTVQITCSGSSNRYGWFQQKTPGSAPVTVIYQNNKRPSDIPSRFSGSKSGSTATLTITGVQAEDEAIYYC	GTCCAGGCAGCGCTGACTCAGCCGGCCTCGAAGTCAGTGAACCTGGGAGGCACCGTGCAGATCACCTGCTCCGGGAGTAGCAACAGATATGGCTGGTTCCAGCAGAAGACCCCTGGCAGTGCCCCTGTCACCGTGATCTACCAGAACAACAAGAGACCCTCGGACATCCCTTCTCGATTCTCTGGTTCAAAATCTGGCTCCACGGCCACATTAACCATCACTGGGGTCCAAGCCGAGGATGAGGCCATCTATTACTGT	GGTGGCTACGACAGCAGCTGGAGTGCTGTACAGTGACAGTGAGTTACAAGATGTGGGAGTATCCAAAGCCCTAGGAAGGTTTTCTCTCCTTCCTGTTGGC
ptg000063l_12	True	9427393	9427470	9427480	9427533	9427543	9427650			257	VQAALTQSAS*SVNLGGTVQITCSGGSSSYGWYQQKTPGTGPVTVIYSNNQRPSGIPSRFSGSLSGSTNTLTITGIQTEDEAVYYC	GTCCAGGCAGCGCTGACTCAGTCGGCCTCATAGTCGGTGAACCTGGGAGGAACTGTGCAGATCACCTGCTCTGGGGGTAGCAGCAGCTATGGCTGGTACCAGCAGAAGACCCCTGGCACTGGCCCTGTCACTGTGATCTACAGCAACAACCAGAGACCCTCGGGCATCCCTTCACGATTCTCTGGTTCCTTGTCTGGCTCCACAAACACATTAACCATCACTGGTATCCAAACCGAGGATGAGGCCGTCTATTACTGT	GGGAGCAGGGACAGCAGTGCTTGCCACAGTCACTGTGAGTCCCACCAGTAAGGAACTGAGTCACTTTACTGGTGTGTCCCAGGGCCCCTCTGCTGCCTGC
ptg000063l_14	True	9428855	9428929	9428957	9429010	9429020	9429127			272	QAAITQLALKRVNLGGTVQITCSGGSTDSSGNYWYGWYQQKTPGTGPVTVVYEDTKRPSDIPSRFSGSTSGSTATLTITGVKAEDEAVYYC	CAGGCAGCAATTACTCAGCTGGCCTTGAAGAGAGTGAACCTGGGAGGCACCGTGCAGATCACCTGCTCTGGGGGTAGCACTGACAGTAGTGGCAACTATTGGTATGGCTGGTACCAGCAGAAGACCCCTGGCACTGGCCCTGTCACCGTGGTCTATGAGGACACTAAGAGACCCTCGGACATCCCTTCACGATTCTCTGGATCCACATCTGGCTCCACAGCCACGTTAACCATCACTGGGGTCAAAGCCGAGGATGAGGCCGTCTATTACTGT	GGTGGCTTAGACAGCAGTGCTGGTACTGGTATAGGGACACAGAGCAATGTGGAAGTGAGGGACAGACCACAGCTCGAAATGGAGACTTTTTACTTTTGTG
ptg000063l_16	True	9430110	9430184	9430212	9430265	9430274	9430382			272	QAAITQPASKSVNLGGTVQITCSGDGASSDGKYWYGWYQQKTPGTGPVTVIYGNDKRPSGIPSRFSGSTSGSTATLTITGVKAEDEAIYYC	CAGGCAGCGATTACTCAGCCGGCCTCGAAGTCGGTGAACCTGGGAGGAACCGTGCAGATCACCTGCTCTGGGGACGGCGCTTCCAGTGATGGCAAATATTGGTATGGCTGGTACCAGCAGAAGACCCCTGGCACTGGCCCTGTCACCGTGATCTATGGCAACGACAAGAGACCCTCGGGCATCCCTTCTCGATTCTCTGGTTCCACATCTGGCTCCACAGCCACGTTAACCATCACTGGGGTCAAAGCCGAGGATGAGGCCATCTATTACTGT	GGTGGCTTAGACAGCAGTGCTGGTGCTGGTATAGGGACACAGAGCAACGTGGAATTGAGGGACAGACCACAGCTCGAAATGGAGACTTTTTACTTTTGTG
ptg000063l_17	True	9430866	9430943	9430956	9431009	9431019	9431126			260	VQAALTQPDSKSVNVAGSVEITCSGSSYGYYGWFQQKTPGSAPVTVIYSNNQRPSGIPSQFSGSQSGSTATLTITGVQAEDEAVYYC	GTCCAGGCAGCACTGACTCAGCCAGACTCAAAATCAGTGAACGTGGCAGGATCTGTGGAGATCACCTGCTCCGGGAGTAGCTATGGCTACTATGGCTGGTTCCAGCAGAAGACCCCTGGCAGTGCCCCTGTGACCGTGATCTATAGCAACAACCAGAGACCCTCGGGCATCCCTTCACAATTCTCTGGTTCCCAGTCTGGCTCCACAGCCACATTAACCATCACTGGGGTCCAAGCCGAGGACGAGGCCGTCTATTACTGT	GGGAGCCACGACAGCAGTGCTGGTGCTGGTATAGTGACACAGAGCAATGTATAAGTGAGAGACTGACCACATCTAGAAACGGAGGATTTCTTCACTTGTC
ptg000063l_19	True	9432790	9432864	9432889	9432942	9432951	9433059			269	QAALTQPDSKSVNMAGTVEITCSGGGSFYGSYSYAWYPQKTPGNVPVTVIYSNDKRPSGIPSRFSGSLSGSVSTLTITGVQAEDEAVYYC	CAGGCAGCGCTGACTCAGCCAGACTCAAAATCGGTGAACATGGCAGGAACTGTGGAGATCACCTGCTCTGGGGGTGGTAGCTTCTATGGCAGTTACTCTTATGCCTGGTACCCGCAGAAGACCCCTGGAAATGTCCCTGTCACCGTGATCTATAGCAACGACAAGAGACCCTCAGGCATCCCTTCACGATTCTCTGGTTCCTTGTCTGGCTCCGTGTCCACGTTAACCATCACTGGGGTCCAAGCCGAGGACGAGGCCGTCTATTACTGT	GCTAGCTGGGATGGCAGTACTAAATTGTCACAGTGACACAGAGCAATGGGGAAGTGATACAAAAACCTCCTGCCATCGCTGGAGCAGCTGGCTCCCTGCC
ptg000063l_21	True	9436161	9436236	9436252	9436305	9436315	9436422			261	QAALTQSAS*SVNLGGTVQITCSGG*QQLLLWLVPAEDPWQCPCHCDLQQQPETLGHPFTILWFLVWLHKHVNHHWYPNRG*GRLLL	CAGGCAGCGCTGACTCAGTCGGCCTCATAGTCGGTGAACCTGGGAGGAACCGTGCAGATCACCTGCTCCGGGGGGTAGCAGCAGCTTCTATTATGGCTGGTACCAGCAGAAGACCCCTGGCAGTGCCCCTGTCACTGTGATCTACAGCAACAACCAGAGACCCTCGGGCATCCCTTCACGATTCTCTGGTTCCTTGTCTGGCTCCACAAACACGTTAACCATCACTGGTATCCAAACCGAGGATGAGGCCGTCTATTACTGT	GGGAGCAGGGACAGCAGTGCTTGCCACAGTCACTGTGAGTCCCACCAGTAAGGAACTGAGTCACTTTACTGGTGTGTCCCAGGGCCCCTCTGCTGCCTGC
ptg000063l_22	True	9437036	9437113	9437123	9437176	9437185	9437293			257	VQAALTQPASKSVNPGDTVQITCSGGSGYYGWYQQKTPGSAPVTVIYENNKRPSGIPSQFSGSSSGSANMLTITGVQAEDEAVYYC	GTCCAGGCAGCACTGACTCAGCCGGCCTCAAAGTCAGTGAACCCGGGAGACACCGTGCAGATCACCTGCTCCGGGGGTAGTGGCTACTATGGCTGGTACCAGCAGAAGACCCCTGGCAGTGCCCCTGTCACCGTGATCTATGAGAACAACAAGAGACCCTCGGGCATCCCGTCACAATTCTCTGGTTCTTCATCTGGATCCGCGAACATGTTAACCATCACTGGGGTCCAAGCCGAGGATGAGGCCGTCTATTACTGT	GGTAACTGGGACAGCAGCACTGATGCTGGTATAGTGACACGGAGCAATGTGGAAGTGAAGAACAGCCCACAGGTAAAAATGGAGGCTTTTTGCCGTTCTC
ptg000063l_23	True	9437635	9437709	9437737	9437790	9437799	9437907			272	QAAITRLALKRVNLGGTVQITCSGASADSSGKYWYGWYQQKTPGTGPVTVIYSNDKRPSGIPSRFSGSLSGSAATLTITGVKAEDEAVYYC	CAGGCAGCAATTACTCGGCTGGCCTTGAAGAGAGTGAACCTGGGAGGAACCGTGCAGATCACCTGCTCCGGGGCTAGCGCTGACAGTAGTGGCAAATATTGGTATGGCTGGTACCAGCAGAAGACCCCTGGCACTGGCCCTGTCACCGTGATCTATAGCAACGACAAGAGACCCTCGGGCATCCCTTCAAGATTCTCTGGATCCTTGTCTGGCTCCGCAGCCACGTTAACCATCACTGGGGTCAAAGCCGAGGATGAGGCCGTCTATTACTGT	GGTGGCTCAGACAGCAGTGCTTGTGCTGGTATAGGGACACAGAGCAATGTGGAAGTGAGGGACAGACCACAGCTCGAAATGGAGACTTTCTACTTTTGTG
ptg000063l_24	True	9438377	9438452	9438464	9438517	9438527	9438634			257	QAALTQPDSKSENVAGSVEITCAGSSFGYYGWFQQKTPGSAPVTVIYSNNQRPSGIPSRFSGSKSGSTATLTITGVQAEDEAVYYC	CAGGCAGCACTGACTCAGCCAGACTCGAAATCGGAAAACGTGGCAGGATCTGTGGAGATCACCTGCGCCGGGAGTAGCTTCGGCTACTATGGCTGGTTCCAGCAGAAGACCCCTGGCAGTGCCCCTGTCACCGTGATCTATAGCAACAACCAGAGACCCTCGGGCATCCCTTCACGATTCTCTGGTTCCAAATCTGGCTCCACAGCCACGTTAACCATCACTGGGGTCCAAGCCGAGGACGAGGCTGTCTATTACTGT	GGGAGCTACGACAGCAGCTATGTTGGTGTCAAGGTGACACAGGGCAATGGGGAAGTGATACAGAAACCTCCTGCCATCACAGGAACATTTGTCTCCCCAC
ptg000063l_25	True	9438868	9438943	9438953	9439006	9439012	9439120			252	QAVLTQLASKSANLGGTVQITCSGG**LLWLVPAEDSWHWPSHHHLLEQETLRHPFTILWFPVWLRGHVNHHWCPSRG*GHLLL	CAGGCAGTGCTGACTCAGCTGGCCTCGAAGTCAGCAAACTTGGGAGGAACCGTGCAGATCACCTGCTCCGGGGGGTGATAGCTACTATGGCTGGTACCAGCAGAAGACTCCTGGCACTGGCCCTCTCACCATCATCTACTGGAACAAGAGACCCTCAGACATCCCTTCACGATTCTCTGGTTCCCAGTCTGGCTCCGTGGGCACGTTAACCATCACTGGTGTCCAAGCCGAGGATGAGGTCATCTATTGCTGT	GGGAGCGGGGACAGCAGTGCTGGTGCTGGTACAGGGACACAGAGCAATGGGGACATGAGGGACAGAGCACAGCTAGAAATGGAGGCTTCCTGCTCTTGTC
ptg000063l_27	True	9440541	9440618	9440646	9440699	9440708	9440816			275	VQAAVTQPALKSMNPGETVQITCFGGSTASDGKYYYGWYQQKTPGTGPVTVIYSNDKRPSGIPSRFSASTSGSTNALNITGVQAEDEAVYYC	GTCCAGGCAGCAGTGACTCAGCCAGCTTTGAAGTCGATGAACCCAGGAGAGACCGTGCAGATCACCTGCTTTGGGGGTAGCACTGCCAGTGATGGCAAATATTATTATGGTTGGTACCAGCAGAAGACCCCTGGCACTGGCCCTGTTACAGTGATCTATAGCAACGACAAGAGACCCTCGGGCATCCCTTCAAGATTCTCTGCTTCCACATCTGGCTCCACAAACGCGTTAAACATCACCGGGGTCCAAGCCGAGGATGAGGCTGTCTATTACTGT	GGGAGCTGGGACAGCAGCAGTGGTGGTGTCGGGGCATCAGAGAGCAATGAGGATGTGCTCCAAGGCCCTTGGCCCTGTCCCTCTGCTATGCAGTGAGATC
ptg000063l_28	True	9440978	9441055	9441065	9441118	9441127	9441235			257	VQAALTQTASKSAKPGDTVQITCSGSSSWYGWYQQKNRGSAPVTVIYDSTKRPSGIPK*FSGPTSGPMNALTISAVQAEDDTVYYC	GTCCAGGCAGCACTGACTCAGACTGCCTCAAAGTCGGCGAAACCAGGAGACACCGTGCAGATCACCTGCTCTGGGAGTAGCAGCTGGTATGGCTGGTACCAGCAGAAAAACCGTGGCAGTGCCCCTGTCACCGTGATCTATGATAGCACAAAGAGACCCTCGGGCATCCCTAAATGATTCTCTGGTCCCACCTCTGGCCCCATGAACGCATTAACAATCTCTGCAGTCCAAGCTGAGGACGATACTGTCTATTACTGT	GGGAGCTTAGGCCGCGGTGTGGCCAGTATCCATCTACCCTGGGTGCTCATCGATGGGTCCTATGGGCTCATGGGTTCCCTGCTGAGTGTGGGTGTCAGTG
ptg000063l_29	True	9442529	9442606	9442631	9442684	9442693	9442801			272	VQAAVTQPASKSVNLGGTVQITCSAGGSYYGSYSYGWFQQKTPGSAPVTVIYANSNRPSGIPSRFSGSKSGSTATLTITGVQAEDEAVYYC	GTCCAGGCAGCAGTGACTCAGCCGGCCTCGAAGTCAGTGAACCTGGGAGGAACCGTGCAGATCACCTGCTCCGCGGGTGGCAGCTACTATGGGAGTTACAGTTATGGCTGGTTCCAGCAGAAGACCCCTGGCAGTGCCCCTGTCACCGTGATCTATGCCAATAGCAACAGACCCTCAGGCATCCCTTCTCGATTCTCTGGTTCCAAATCTGGCTCCACAGCCACGTTAACCATCACTGGGGTCCAAGCTGAGGACGAGGCCGTCTATTACTGT	GGGAGTGAGGACAGCAGTGCTAGTGCTGGTACAGGGACACAGAGCAAGGTGGAAGTAAAGGACAGCCCACAGGTTAAAATGGAGGCTTTTTGCCCTTCTC
ptg000063l_32	True	9447422	9447496	9447509	9447562	9447572	9447679			257	WAAPSQPA*KSVNLGDTVQITCSGGSYNEYGWYQQKTPGSAPVTVIYNSNQRPSDIPSRFSASTSGSTNTLTITGVQAEDEAVYYC	TGGGCAGCACCGAGTCAGCCGGCCTGAAAGTCAGTGAACCTGGGAGACACCGTGCAGATCACCTGCTCCGGGGGTAGCTACAACGAATATGGCTGGTACCAGCAGAAGACCCCTGGCAGTGCCCCTGTCACCGTGATCTACAACAGCAACCAGAGACCCTCAGACATCCCTTCACGATTCTCTGCTTCCACATCTGGCTCCACGAACACATTAACCATCACTGGGGTCCAAGCCGAGGACGAGGCCGTCTATTACTGT	GGGAGCAGTGACAGCAGTGGTGTTGGTTTAGTGACACAGGGAGATGTGGAAGTGAGGGGGAGCCTGGAGGTAAAGGCAAAGGTTTTCTGCCCTCCTCCCT
ptg000063l_33	True	9447917	9447991	9448016	9448069	9448078	9448186			269	QAALTQSEPQSVNPGGTVQITCSGGSSYYGSYSYGWFQQKTPGSAPVTVIYQNNKRPLDIPSRFSGSYSGSTNTLTITGVQAKDEAVYYC	CAGGCAGCGCTGACTCAGTCGGAGCCGCAGTCGGTGAACCCGGGAGGCACCGTGCAGATCACCTGCTCCGGGGGTAGCAGCTACTATGGCAGCTACAGTTATGGCTGGTTCCAGCAGAAGACCCCTGGCAGTGCCCCTGTCACCGTGATCTACCAGAACAACAAGAGACCCTTGGACATCCCTTCTCGATTCTCTGGTTCCTATTCTGGCTCCACGAACACATTAACCATCACTGGGGTGCAAGCCAAGGATGAGGCCGTCTATTACTGT	GCTAGCTGGGACAGCAGCTATGGTGGTGTCGGGGTGTCAGAGGGCAATGAAGATGTGCTCCAAGGCCCTAGGCACTGTACCATTGCTGCAGAGTGAGGTC
ptg000063l_34	True	9448354	9448431	9448441	9448494	9448503	9448611			257	VQAAIT*PSSKSANAEDTVQITCSGSTGWYGWYQQKTPGSAPVTVIYDSTNRLSGIPSQFSASTSGSTNTSTVTGVQAEDEAFYYC	GTCCAGGCAGCGATAACTTAGCCATCCTCGAAGTCTGCGAATGCAGAAGACACCGTGCAGATCACCTGCTCCGGGAGTACTGGCTGGTATGGCTGGTACCAGCAGAAGACCCCTGGCAGTGCCCCTGTCACTGTGATCTATGACAGCACAAACAGACTCTCAGGCATCCCTTCACAATTCTCTGCTTCCACATCTGGCTCCACGAACACATCAACCGTCACTGGGGTCCAAGCCGAGGACGAGGCTTTCTATTACTGT	GTTGCCTGCAAGAGCAGCAGTGATGTCTGTGCTTGTGGGGCACTCACTAAGCTCCGTTTTCTCACCTCTCTCCTCTCCCTCTCCAGGTTCCCTGGTCCAG
ptg000063l_35	True	9448706	9448783	9448793	9448846	9448855	9448963			257	VQAALTQPASKSVNPGDTVQITCSGSSSDYAWFQQKTPGTGPVTVIYLNDKRPSGIPSRFSASTSGSTNTLTITGVQAEDEAVCYC	GTCCAGGCAGCGCTGACTCAGCCGGCCTCAAAGTCGGTGAATCCCGGAGACACCGTGCAGATCACCTGCTCCGGGAGTAGCAGTGACTATGCCTGGTTCCAGCAGAAGACCCCTGGCACTGGCCCTGTCACCGTGATCTATCTCAACGACAAGAGACCCTCGGGCATCCCTTCAAGATTCTCTGCTTCCACATCTGGCTCCACAAACACGTTAACCATCACTGGGGTCCAAGCTGAGGATGAGGCCGTCTGTTACTGT	GCTAGCTGGGACAGCAGCTATGATGGTGTCGGGGTGTCAGAGAGCAATGAGGATGTGCAGGAAGTCCCTTGGCCCTGTCCCACTGTTATGCATTGAAGTC
ptg000063l_36	True	9449133	9449207	9449217	9449270	9449279	9449387			254	PGSSDSAGLKLANLGDAMQITCSGSSSWYGWYQQKNPGSGPVTVIYDSTKRPSDIPSRFSASASDSTNTLTIAGVQAEDEAVYYC	CCAGGCAGCAGTGACTCAGCTGGCCTCAAATTGGCAAACCTGGGAGACGCCATGCAGATCACCTGCTCTGGGAGTAGCAGCTGGTATGGCTGGTACCAGCAGAAAAACCCTGGCAGTGGCCCTGTCACCGTGATCTATGATAGCACAAAGAGACCCTCAGACATCCCTTCACGATTCTCTGCTTCCGCATCTGACTCCACGAACACATTAACCATCGCTGGGGTCCAAGCCGAGGACGAGGCCGTCTATTACTGT	GGGAGCAGTGACAGCAGTGGTGTTGGTTTAGTGACACAGGGAGATGTGGAAGTGAGGGAGGGCCTGGAGGTAAAGGCAAAGGTTTTCTGCCCTCCTCCCT
ptg000063l_37	True	9449625	9449699	9449724	9449777	9449787	9449894			269	QAALTQPDSKSVNKAGTVEITCSGGGSFYGSYYYAWYQQKTPGNVPVTVIYSNNQRPSGIPSRFSGSTSGSVSTLTITGVQAEDEAVYYC	CAGGCAGCGCTGACTCAGCCAGACTCAAAATCGGTGAACAAGGCAGGAACTGTGGAGATCACCTGCTCTGGGGGTGGTAGCTTCTATGGCAGTTACTATTATGCCTGGTACCAGCAGAAGACCCCTGGAAATGTCCCTGTCACCGTGATCTATAGCAACAACCAGAGACCCTCGGGCATCCCTTCTCGATTCTCTGGTTCCACATCTGGCTCCGTGTCCACGTTAACCATCACTGGGGTCCAAGCCGAGGACGAGGCCGTCTATTACTGT	GGGAGCTACGACAGCAGCTATGGTGGTTTCGGGGTGTCAGAGAGCAATGAGGATGTGCTGTAAGGCCCTTGGCCCTGTCCCACTGCTACGCAGTGAGATC
ptg000063l_39	True	9451950	9451994	9452004	9452057	9452066	9452174			224	SLNPGDTVQITCSGSSSDYGWYQQKTPGTGPVTVIYSNTNRPSGIPSRFSGSLSGSTNTLTITGVQAEDEAVYYC	TCTCTGAACCCAGGAGACACCGTGCAGATCACCTGCTCCGGGAGTAGCAGTGACTATGGCTGGTACCAGCAGAAGACCCCTGGCACTGGCCCTGTCACCGTGATCTACAGCAACACCAACAGACCCTCGGGCATCCCTTCACGATTCTCTGGTTCCTTATCTGGCTCCACGAACACGTTAACCATCACTGGGGTCCAAGCCGAGGACGAGGCCGTCTATTACTGT	GGGAGCGGGGACAGCAGTGCTGGTGCTGGTATAGTCACACAGAGCAATGGGGACATGAGGGACAGAGCACAGCTAGAAATGGAGGCTTCCTGCTCTTGTC
ptg000063l_40	True	9452399	9452476	9452489	9452542	9452551	9452659			260	VQAAVTQPASKSVNLGGTVQITCSGSSSGYYGWFQQKTPGTGPVTVIYDNNKRPSGIPSRFSGSKSGSTSTLTITGVKAEDEAVYYC	GTCCAGGCAGCGGTGACTCAGCCGGCCTCGAAGTCGGTGAACCTGGGAGGAACCGTGCAGATCACCTGCTCTGGGAGTAGCAGTGGCTACTATGGCTGGTTCCAGCAGAAGACCCCTGGCACTGGCCCTGTCACCGTGATCTATGACAACAACAAGAGACCCTCGGGCATCCCTTCACGATTCTCTGGTTCCAAATCTGGCTCCACATCCACGTTAACCATCACTGGGGTCAAAGCTGAGGATGAGGCCGTCTATTACTGT	GCTAGCTACGACAGCAGTGCTGGTGCTGGTATAGTGACACAGAGCAATGTGGAAGTGAGGGACAGACCACAGCTCGAAATGGAGACTTTCTACTTTTGTG
ptg000063l_41	True	9453138	9453215	9453228	9453281	9453291	9453397			259	VQAALTQPDSKSVNVAGSVEITCSGSSYGYYGWFQQKTPGSAPATVIYNKNQRPSGIPSRFSGSNLAPQPR**SLGSKPRTRPSIT	GTCCAGGCAGCACTGACTCAGCCAGACTCGAAATCAGTGAATGTGGCAGGATCTGTGGAGATCACCTGCTCCGGGAGTAGCTATGGCTACTATGGCTGGTTCCAGCAGAAGACCCCTGGCAGTGCCCCTGCCACTGTGATCTACAACAAAAACCAGAGACCCTCGGGCATCCCTTCACGATTCTCTGGTTCAAATCTGGCTCCACAGCCACGTTAATAATCACTGGGGTCCAAGCCGAGGACGAGGCCGTCTATTACTGT	GGGAGCGAGGACAGCAGTGCTAGTGCTGGTACAGGGACACAGAACAATGGGGACATGAGGGACAGAGCACAGCTAGAAATGGAGGCTTCCTGCTCTTGTC
ptg000063l_42	True	9453622	9453699	9453715	9453768	9453777	9453885			263	VQAALTQPASKSVNLGGTVQITCSGGSSSYGYGWYQQKTPGTAPVTVIYSNDKRPSGIPSRFSASTSGSTNTLTITAVQAEDEAIYYC	GTCCAAGCAGCACTGACTCAGCCGGCCTCGAAGTCGGTGAACCTGGGAGGAACCGTGCAGATCACCTGCTCCGGGGGTAGCAGCAGCTACGGTTATGGCTGGTACCAGCAGAAGACTCCTGGCACTGCCCCTGTCACCGTGATCTATAGCAACGACAAGAGACCCTCGGGCATCCCTTCAAGATTCTCTGCTTCCACATCTGGCTCCACGAACACGTTAACCATCACTGCGGTTCAAGCCGAGGACGAGGCCATCTATTACTGT	GGGAGCAGGGACAGCAGTGCTGGTGGTTCAGTGACAGAGGCAGATGTGGAAGTGAGCAACGGACTGGTGCTAAAGACAAAGGTTTTCTGCCCTCTTCCCT
ptg000063l_43	True	9454118	9454192	9454205	9454258	9454267	9454375			257	QAELTQLASKSLNLGDTVQITCSGGSSSYYGWFQQKTPGTAPVTVIYSNTNRPSGIPSWFTGSASGYTGTLIITGVQAEDEAVYYC	CAGGCAGAGCTGACTCAGCTGGCCTCGAAGTCATTGAACCTGGGAGACACCGTGCAGATCACCTGCTCTGGGGGAAGTAGCAGCTACTACGGCTGGTTCCAGCAGAAGACCCCTGGAACTGCCCCTGTCACTGTGATCTATAGTAACACCAACAGACCCTCAGGCATCCCTTCATGGTTCACTGGTTCTGCATCTGGCTACACGGGCACATTAATCATCACTGGGGTCCAAGCCGAGGATGAGGCCGTCTATTACTGT	GGGAGCGGGGACAGCAGTGCTAGTGCTGGTACAGGGACACAGAGAAATGTGGAAGTGAAGAACAGCCCACAGGTTAAAATGGAGGCTTTTTGCTCTTCTC
ptg000063l_46	True	9457734	9457778	9457803	9457856	9457865	9457973			239	SVNMTGTVEITCSGGGSFYGSYYYAWYQQKTPGTGPVTVIYANSNRPSGIPSQFSASTSGSTNMLTITGVQAEDEAVYYC	TCGGTGAACATGACAGGAACTGTGGAGATCACCTGCTCTGGGGGTGGTAGCTTCTATGGCAGTTACTATTATGCCTGGTACCAGCAGAAGACCCCTGGCACTGGCCCTGTCACCGTGATCTATGCAAATAGCAACAGACCCTCGGGCATCCCTTCTCAATTCTCTGCTTCCACATCTGGCTCCACAAACATGTTAACCATCACTGGGGTCCAAGCCGAGGACGAGGCCGTCTATTACTGT	GGGAGCGAGGACAGCAGTGCTAGTGCTGGTACAGGGACACAGAACAATGGGGACATGAGGGACAGAGCACAGCTAGAAATGGAGGCTTCCTGCTCTTGTC
ptg000063l_47	True	9458198	9458275	9458276	9458329	9458339	9458446			248	VQAAVTQPASKSVNLGGTVQITCSGGYGWYQQNTPGTAPVTVIYNNNQRPSGIPSRFSGSKSGSVGTLTITGVQAEDEAVYYC	GTCCAGGCAGCAGTGACTCAGCCGGCCTCGAAGTCGGTGAACCTGGGAGGCACCGTACAGATCACCTGCTCCGGGGGTTATGGCTGGTACCAGCAGAACACCCCTGGAACTGCCCCTGTCACCGTCATCTACAACAACAACCAGAGACCCTCGGGCATCCCTTCTCGATTCTCTGGTTCCAAATCTGGCTCCGTGGGCACGTTAACCATCACTGGGGTCCAAGCTGAGGACGAGGCCGTCTATTACTGT	GGGAGCAGGGACAGCAGTGCTAGTGCTGGTACAGGGACACAGAGCAAGGTGGAAGTAAAGGACAGCCCACAGGTTAAAATGGAGGCTTTTTGCCCTTCTC
ptg000063l_49	True	9460267	9460342	9460351	9460404	9460413	9460521			254	QAAITQPASKSVNLGGTVQITCSGSSYSYGWYQQKTPGTGPVTVIYQNNKRPSDIPSRLSGSLSGSVGTLTITGVQAEDEAVYYC	CAGGCAGCGATTACTCAGCCGGCCTCGAAGTCAGTGAACCTGGGAGGCACCGTGCAGATCACCTGCTCCGGGAGCAGCTACAGTTATGGCTGGTACCAGCAGAAGACCCCTGGCACTGGCCCTGTCACCGTGATCTACCAGAACAACAAGAGACCCTCGGACATCCCTTCACGACTCTCTGGTTCCTTATCTGGCTCCGTGGGCACGTTAACCATCACTGGGGTCCAAGCCGAGGATGAGGCCGTCTATTACTGT	GGTGGCTACGACAGCAGCTGGAGTGCTGTACAGTGACAGTGAGTTACAAGATGTGGGAGTATCCAAAGCCTTAGGAAGGTTTTCTCTTCTTCCTGTTGGC
ptg000063l_50	True	9461010	9461085	9461097	9461150	9461159	9461267			257	QAAVTQPASKSVNLGGTVQITCSGSSYNYYGWFQQKTPGTGPVTVIYDNNKRPSGIPSRFSGSKSGSTATLTITGVKAEDEAVYYC	CAGGCAGCAGTGACTCAGCCGGCCTCGAAGTCGGTGAACCTGGGAGGCACCGTGCAGATCACCTGCTCTGGGAGCAGCTACAACTACTATGGCTGGTTCCAGCAGAAGACCCCTGGCACTGGCCCTGTCACCGTGATCTATGACAACAACAAGAGACCCTCGGGCATCCCTTCACGATTCTCTGGTTCCAAATCTGGCTCCACAGCCACGTTAACCATCACTGGAGTCAAAGCCGAGGATGAGGCCGTCTATTACTGT	GCTAGCTACGACAGCAGTGCTGATGCTGGTATAGTGACACAGAGCAATGTGGAAGTGAGGGACAGACCACAGCTCGAAATGGAGACTTTCTACTTTTGTG
ptg000063l_52	True	9464713	9464790	9464818	9464871	9464881	9464988			275	VQAALTQPASKSVNPGDTVQITCSGGSAASDGKYYYAWYQQKTPGSAPVTVIYSNNQRPSGIPSRFSGSLSGSTATLTITGVQAKDEAVYYC	GTCCAGGCAGCGCTGACTCAGCCAGCCTCGAAGTCGGTGAACCCGGGAGACACCGTGCAGATCACCTGCTCCGGGGGTAGCGCTGCAAGTGATGGAAAATATTATTATGCCTGGTACCAGCAGAAGACCCCTGGCAGTGCCCCTGTCACTGTGATCTATAGCAACAACCAGAGACCCTCGGGCATCCCTTCACGATTCTCTGGTTCCTTGTCTGGCTCCACAGCCACATTAACCATCACTGGGGTCCAAGCCAAGGACGAGGCCGTCTATTACTGT	GGGAGCAGGGACAGCAGTGCTGGTGGTTCAGTGACAGAGGGAGATGTGGAAGTGAGCAACAGACTGGTGATAAAGACAAAGTTTTTCTGCCCTCTTCCCT
ptg000063l_53	True	9465220	9465297	9465307	9465360	9465370	9465477			257	VQAVLTQLDPKSVNPGDTVQITCSGGSYAYGWYQQKTPGTAPVTVIYWNDRRPSGIPSRFSASTSGSTSTLTITGVQAEDEAVYYC	GTCCAGGCAGTGCTGACTCAATTGGACCCAAAGTCGGTGAACCCTGGAGACACCGTGCAGATCACCTGCTCCGGGGGTAGCTACGCTTATGGCTGGTATCAGCAGAAGACCCCTGGCACTGCCCCTGTCACCGTGATCTACTGGAACGACAGGAGACCCTCGGGCATCCCTTCACGATTCTCTGCTTCCACATCTGGCTCCACATCCACGTTAACCATCACTGGGGTCCAAGCTGAGGACGAGGCCGTCTATTACTGT	GGGAGCTACGACAGCAGTGCTAGTGCTGGTACAGGGACACAGAGCAATGTGGAAGTGAAGGACAGCCCACAGGTTAAAATGGAGGGTTTTTGCCCTTCTC
ptg000063l_54	True	9465815	9465892	9465920	9465973	9465982	9466090			275	VQAAVTQPALKSVNPGDTVQITCSGGSAASDGKYYYAWYQQKTPGTGPVTVIYSNDKRPSGIPSRFSASTSGSVSTLTITGVQAEDEAVYYC	GTCCAGGCAGCAGTGACTCAGCCGGCCTTGAAGTCGGTGAACCCGGGAGACACCGTGCAGATCACCTGCTCCGGGGGTAGCGCTGCCAGTGATGGAAAATATTATTATGCCTGGTACCAGCAGAAGACCCCTGGCACTGGCCCTGTCACCGTGATCTATAGCAACGACAAGAGACCCTCAGGCATCCCTTCTCGATTCTCTGCTTCCACATCTGGCTCCGTGTCCACGTTAACCATCACTGGGGTCCAAGCTGAGGACGAGGCTGTCTATTACTGT	GGGAGCTACGACAGCAGCAGTGATGGTGTCGGGGTGTCAGAGAGCAATGAGGATGTGCAGGAAGTCCCTTGGCCCTGTCCTGCTGTTACGCATTGAAGTC
ptg000063l_55	True	9466973	9467050	9467060	9467113	9467122	9467230			257	VQAALTQPASKSVNLGGTVQITCSGSSYAYGWYQQKTPGTGPVTVIYQNNKRPSDIPSRFSGSLSGSTATLTITGVQAEDEAVYYC	GTCCAGGCAGCGCTGACTCAGCCGGCCTCGAAGTCAGTGAACCTGGGAGGAACCGTGCAGATCACCTGCTCCGGGAGTAGCTACGCTTATGGCTGGTACCAGCAGAAGACCCCTGGCACTGGCCCTGTCACCGTGATCTACCAGAACAACAAGAGACCCTCGGACATCCCTTCTCGATTCTCTGGTTCCTTATCTGGCTCCACAGCCACATTAACCATCACTGGGGTCCAAGCCGAGGATGAGGCCGTCTATTACTGT	GGTGGCTACGACAGCAGCTGGAGTGCTGTACATTGACAGTGAGTTACAAGATGTGGGAGTATCCAAAGCCCTAGGAAGGTTTTCTCTCCTTCCTGTTGGC
ptg000063l_58	True	9469422	9469496	9469521	9469574	9469584	9469691			269	QAALTQSEPQLVNPGGTVQITCSGGSSYYGSYSYGWYKQKTPGSAPVTVIYNNNQRPSGIPSRFSGSKSSSTAMLTITGVQAEDEAVYYC	CAGGCAGCGCTGACTCAGTCGGAGCCGCAGTTGGTGAACCCGGGAGGCACCGTGCAGATCACCTGCTCCGGGGGTAGCAGCTACTATGGCAGCTACAGTTATGGCTGGTACAAGCAGAAGACCCCTGGCAGTGCCCCTGTCACCGTGATCTACAACAACAACCAGAGACCCTCGGGCATCCCTTCTCGATTCTCTGGTTCCAAATCCAGCTCCACAGCCATGTTAACTATCACTGGGGTCCAAGCTGAGGACGAGGCCGTCTATTACTGT	GGGGGCTACGACAGCAGTGCTAGTGCTGATGCTGACACAGTGACACAGAGCAATGGGGAAGTGATACAAAAACCTTCTAACATTGCAGGAGCAGCTGGCT
ptg000063l_59	True	9471461	9471535	9471548	9471601	9471610	9471718			257	QAALTQPASKSVNLGDNVEITCSGGSYGYYAWHQQKTPGTAPVTVIYDNTNRPSDIPSRFSGSLSGYTATLTITGVQAEDEAVYFC	CAGGCAGCGCTGACTCAGCCGGCCTCGAAGTCGGTGAACCTGGGAGACAACGTGGAGATAACCTGCTCTGGGGGTAGCTACGGCTACTATGCCTGGCACCAGCAGAAAACCCCTGGCACTGCCCCTGTCACCGTGATCTATGACAACACCAACAGACCCTCAGATATCCCTTCAAGATTCTCTGGTTCCTTGTCTGGCTACACAGCCACGTTAACCATCACTGGAGTCCAAGCTGAGGACGAGGCTGTCTATTTCTGT	GGTGACTGGAACAACAGTGCTAGCGCTTACACAGTGATACAGAGCAATGGGGAAGTGATACAAAAACCTCCTGCCATCACAGGAGCAGCTGGCTCCCTGC
ptg000063l_61	True	9473153	9473227	9473237	9473290	9473299	9473407			254	QAALTQSDPKSMNPGDTVQITCSGGSYAYGWYQQKTPGSAPVTVIYWNTKRPSGIPSRFSGSLSGSTNTLTITGVQAEDEAVYYC	CAGGCAGCGCTGACTCAGTCGGACCCGAAGTCAATGAACCCGGGAGACACCGTGCAGATCACCTGCTCCGGGGGTAGCTACGCTTATGGCTGGTATCAGCAGAAGACCCCTGGTAGTGCCCCTGTCACCGTGATCTACTGGAACACCAAGAGACCCTCAGGCATCCCTTCACGATTCTCTGGTTCCTTGTCTGGCTCCACGAACACGTTAACCATCACTGGGGTCCAAGCCGAGGATGAGGCCGTCTATTACTGT	GGGAGCGGGGACAGCAGCACTGATGCTGGTATAGTGACAGAGAGCAATGTGGAAGTGAGGGACAGGCCACAGCTCGAAATAAAGGCTTTCTACACTTCTC
ptg000063l_65	True	9479273	9479347	9479375	9479428	9479437	9479545			272	QAAITQPASKMVNPGDNVDITCSIGSADSNGKYWYAWYQQKTPGTGPVTVIYSNDKRPSGIPSRFSASTSGSTNMLTITGVQAEDEAVYYC	CAGGCCGCAATTACTCAGCCGGCCTCAAAGATGGTGAACCCAGGAGACAACGTGGACATCACCTGCTCAATAGGTAGCGCTGATAGTAATGGCAAATATTGGTATGCCTGGTACCAGCAGAAGACCCCTGGCACTGGCCCTGTCACCGTGATCTATAGCAATGACAAGAGACCCTCAGGCATCCCTTCACGATTCTCTGCTTCCACATCTGGCTCCACAAACATGTTAACCATCACTGGGGTCCAAGCTGAGGATGAGGCTGTCTATTACTGT	GGTGGCTACAGTAGTGGTCTTAAATTGGCACAGTGACACAGCGCAGTGTGGAAGTGATACAAAAACCTCCTGCCATCTCTGGAGCAGCTGGCTCCCCACT
ptg000063l_66	True	9481314	9481388	9481398	9481451	9481460	9481568			254	QAALTQSEPQSVNPGGTVQITCSGGSGSYGWFQQKTPGSAPVTVIYGNTNRPSGIPSRFSASTSGSVSTLTITGVQAEDEAVYYC	CAGGCAGCGCTGACTCAGTCGGAGCCGCAGTCGGTGAATCCGGGAGGCACCGTGCAGATCACCTGCTCCGGGGGTAGTGGCAGCTATGGCTGGTTCCAGCAGAAGACCCCTGGCAGTGCCCCTGTCACTGTGATCTATGGCAACACCAACAGACCCTCGGGCATCCCTTCTCGATTCTCTGCTTCCACATCTGGCTCCGTGTCAACGTTAACCATCACTGGGGTCCAAGCCGAGGACGAGGCCGTCTATTACTGT	GGGAGCTACGAAGGCAGCTATGTTGGTGTCACAGTGATACAGAGCAATGGGGAAGTGATACAAAAACCTCCTGCCATCACAGGAGCATCTGGCTCCCTGC
ptg000063l_71	True	9491915	9491989	9491999	9492052	9492061	9492169			254	QAALTQSELKSVNLGGTVQITCSGGSGSYGWFQQKTPAIDPVTVIYGNTNRPSGIPSRFSGSASGSTATLTITGVQAEDQAVYFC	CAGGCAGCGCTGACTCAGTCGGAGTTGAAGTCAGTGAACCTGGGAGGCACAGTGCAGATCACCTGCTCTGGGGGTAGTGGCAGCTATGGCTGGTTCCAGCAGAAGACCCCTGCCATTGACCCTGTCACTGTGATCTATGGCAACACCAACAGACCCTCGGGCATCCCTTCTCGATTCTCTGGTTCTGCATCTGGCTCCACAGCCACATTAACTATCACTGGGGTCCAAGCCGAGGACCAGGCCGTCTATTTCTGT	GGTGCCTGGGATGGCAGCACTGGGCACGGCGAGTCCCAGCAATGGGGAAGTGAGAGGCCAAGCTGCTGTGGTACCAGGGCCCCTCAGGTGCCTGCTGCTG
ptg000063l_73	True	9498489	9498563	9498591	9498644	9498653	9498761			272	QAAISQPASKSVNPGGNVEITCSGGSADSNGKYWYGWYQQKTPGTAPVTVIYSNDKRPSGIPSRFSGSLSGSTNTLSITGVQAEDEAVYYC	CAGGCAGCAATTTCTCAGCCAGCCTCAAAGTCGGTGAATCCGGGAGGCAATGTGGAGATCACCTGCTCTGGGGGTAGCGCTGATAGTAATGGCAAATATTGGTATGGCTGGTACCAGCAGAAGACCCCTGGCACTGCCCCCGTCACCGTGATCTATAGCAACGACAAGAGACCCTCGGGCATCCCTTCAAGATTCTCTGGTTCCTTGTCTGGCTCCACAAACACATTAAGCATCACTGGGGTCCAAGCCGAGGACGAGGCCGTCTATTACTGT	GCTAGCTGGGATGGCAGTACTAAATTGTCACAGTGACACAGCGCAATGGGGAAGTGATACAAAAACCTCCTGCCATCACAGGAGCAGCTGGCTCCCTGCC
ptg000063l_75	True	9505869	9505946	9505956	9506009	9506018	9506126	9508760	9508789	257	VQAALTQPASKSVNPGDTVQITCSGGGSYYGWFQQKTPGTGPVTVIYDNTNRPSGIPSRFSASTSGSVSTLTITGVQAEDEAVYYC	GTCCAGGCAGCGCTGACTCAGCCGGCCTCGAAGTCGGTGAATCCGGGAGACACCGTGCAGATCACTTGCTCCGGGGGTGGCAGCTACTACGGCTGGTTCCAGCAGAAGACCCCTGGCACTGGCCCTGTCACCGTGATCTATGACAATACCAACAGACCCTCGGGCATCCCTTCTCGATTCTCTGCTTCCACATCTGGCTCCGTGTCCACTTTAACCATCACTGGGGTCCAAGCCGAGGACGAGGCTGTCTATTACTGT	GGTGACTACAGTAGTAATTTTAAATTGACACAGTGACACAAAGCAATGGGGAAGTGATACAAAAACCTCCTACCACTACAGGATCAGCTGGCTCCCTTCT
ptg000199l_1	False	549859	549785	549760	549710	549686	549572			287	AATLDESGGGRVSPGGSLTLVCKASGFTFSSNYMYWVRQAPRKGLEFVAYISSSGGYTEYAPAVKGRFTISRNNGQSTLTLQMNSLKAEDTATYYC	GCCGCCACCTTGGATGAGTCCGGAGGGGGTCGAGTGAGTCCCGGGGGGTCCCTGACCCTGGTCTGCAAGGCCTCCGGCTTCACCTTCAGCAGCAACTACATGTATTGGGTGCGACAGGCACCTCGGAAGGGGCTTGAATTCGTCGCGTATATTAGCAGCAGTGGTGGTTACACAGAGTACGCGCCGGCGGTGAAGGGACGCTTCACCATCTCCAGGAACAACGGGCAGAGCACGCTCACCCTGCAGATGAACAGCCTCAAGGCCGAAGACACCGCCACCTACTACTGC	GGAGGCTGCCGGCGGCCCCGGCTCCCCATGGCCGTGCGGGGGCCCGTGCCGTGCGGCTGAGCCCACCGCTCTCTGTCCTTCCTCCCCAGGGCTGCGGGCG
ptg000199l_2	False	548678	548604	548579	548529	548504	548391			287	AETLDESGGGLVSPGGSLTLVCKGSGFTFSSYSMGWIRQAPGKGLEWVATIYTSGSSPWYASAVKGRFTISRNNGQSTLTLQMNSLKAEDTATYYC	GCCGAGACCTTGGATGAGTCCGGAGGGGGCCTCGTGAGTCCCGGGGGGTCCCTGACCCTGGTCTGCAAGGGCTCCGGCTTCACCTTCAGCAGCTACAGCATGGGATGGATCCGGCAGGCACCTGGGAAGGGGCTCGAGTGGGTCGCGACTATTTACACCAGTGGTAGTAGCCCATGGTACGCGTCGGCGGTGAAGGGACGCTTCACCATCTCCAGGAACAACGGGCAGAGCACGCTCACCCTGCAGATGAACAGCCTCAAGGCCGAAGACACCGCCACCTACTACTGC	TAGCTGCTGAAGGTGAAGCCGGAGCCCTTGCAGACCAGGGTCGGGGACCCCCCAGGCTGAGCCCACCGCTCTCTGTCCTTCCTCCCCAGGGCTGTGGGCG
ptg000199l_7	False	540022	539948	539923	539873	539848	539735			287	AETLDESGGGLVSPGGSLTLVCKGSGFDFSSKGMGWVRQAPGKGLEVVAVINNDGSSTWYLPAVKGRFTVSRDNGQSVFFLLMNDLKAKDTATYYC	GCCGAGACCTTGGATGAGTCCGGAGGGGGTCTCGTGAGTCCCGGGGGGTCCCTGACCCTGGTCTGCAAGGGCTCCGGCTTTGACTTCAGCAGCAAGGGCATGGGATGGGTGCGACAGGCACCCGGGAAGGGGCTCGAAGTGGTCGCAGTTATTAACAACGATGGTAGTAGCACATGGTACTTGCCGGCGGTGAAGGGACGCTTCACCGTCTCCAGGGACAACGGGCAGAGCGTGTTCTTCCTACTAATGAATGACCTCAAGGCCAAAGACACCGCCACCTACTACTGC	GCTGCTGAAGGTGAAGCCGGAGCCCTTGCAGAGCAGGGTCAGGGACCCCCCCGAAGCTGAGCCCACCGCTCTCTGTCCTTCCTCCCCAGGGCTGCGGGCG
ptg000199l_8	False	539287	539213	539188	539138	539114	539000			287	AETLDESGGGLVSPGGSLTLVCKGSGFDFSSKDMGWMRQAPGKGLELVARISNTGSTTNYAPAVKGRFTISRNDGQSTATLQMNSLKAEDTATYYC	GCCGAGACCTTGGATGAGTCCGGAGGGGGCCTCGTGAGTCCCGGGGGGTCCCTGACCCTGGTCTGCAAGGGCTCCGGCTTTGACTTCAGCAGCAAGGACATGGGATGGATGCGACAGGCACCCGGGAAGGGGCTCGAGTTGGTCGCGCGTATTAGCAACACTGGTAGTACCACAAACTATGCGCCTGCAGTGAAGGGACGCTTCACCATCTCCAGGAACGACGGGCAGAGCACGGCCACCCTGCAGATGAACAGCCTCAAGGCCGAAGACACCGCCACCTACTACTGC	AAGCTGCTGAAGGTGTATCCGGAGCCCTTCCAGACCAGGGTCAGGGACCCCCCAGGCTGAGCCCACCGCTCTCTGTCCTTCCTCCCCAGGGCTGCGGGCG
ptg000199l_9	False	538069	538028	538003	537953	537929	537815			254	VCPGGSLALVCKGSGYTFSSYYMWWVRQAPGKGLEFVAYISSGGSYTEYAPAVKGRFTISRNNGQSTLTLQMNSLKAEDTATYYC	GTGTGTCCCGGGGGGTCCCTGGCCCTGGTCTGCAAGGGTTCCGGATACACCTTCAGCAGCTACTACATGTGGTGGGTGCGACAGGCACCCGGGAAGGGGCTCGAATTCGTCGCATATATTAGCAGTGGTGGTAGTTACACAGAGTACGCGCCGGCGGTGAAGGGACGCTTCACCATCTCCAGGAACAACGGGCAGAGCACGCTCACCCTGCAGATGAACAGCCTCAAGGCCGAAGACACCGCCACCTACTACTGC	GGGTCAGGGACCCCCCGGGACTCACGAGGCCCCCTCCGGACTCATCCAAGGTCTCGGCCGCCCGCAGCCCTGGGGAGGAAGGACAGAGAGCGGTGGGCTT
ptg000199l_10	False	536946	536872	536847	536797	536776	536662			284	ALTLDESGGGRVSPGGSLTLVCKGSGFTFSSYTMYWVRQAPGKGLEYVAAINSGGTTYYAPAVKGRFTISRNDGQSTATLQMNSLKAEDTATYYC	GCCTTGACCTTGGATGAGTCCGGAGGGGGCCGCGTGAGTCCCGGGGGGTCCCTGACCCTGGTCTGCAAGGGCTCCGGCTTCACCTTCAGCAGCTACACCATGTATTGGGTGCGACAGGCGCCAGGGAAGGGGCTCGAATACGTCGCAGCTATTAACAGTGGTGGTACCACATACTACGCGCCGGCGGTGAAGGGACGCTTCACCATCTCCAGGAACGACGGGCAGAGCACGGCCACCCTGCAGATGAACAGCCTCAAGGCCGAAGACACCGCCACCTACTACTGC	CTGTGCTACTACCAGTGGTGAACCTCAGCACTTTCTCAGGTGTCCGTGTCATACTGCTGAGCCCACCGCTCTCTGTCCTTCCTCCCCAGGGCTGCGGGGG
ptg000199l_11	False	535818	535789	535764	535714	535690	535576			242	GSLTLVCKGSGFTFSSYSMNWVRQAPGKGLEFVAGITGSGGYTEYAPAVKGRFTISRNNGQSTATLQMNSLKAEDTATYYC	GGGTCCCTGACCCTGGTCTGCAAGGGCTCCGGCTTCACCTTCAGCAGCTACAGCATGAACTGGGTGCGACAGGCACCTGGGAAGGGGCTCGAGTTCGTCGCGGGTATTACTGGTAGTGGTGGTTACACAGAGTACGCGCCGGCGGTGAAGGGACGCTTCACCATCTCCAGGAACAACGGGCAGAGCACGGCCACCCTGCAGATGAACAGCCTCAAGGCCGAAGACACCGCCACCTACTACTGC	GACCCCCCGGGACTCACGAGGCCCCCTCCGGACTCATCCAAGGTGGCGGCCGCCCGCAGCCCTGGGGAGGAAGGACAGAGAGCGGTGGGCTCAGCCTGAG
ptg000199l_12	False	535000	534926	534903	534851	534830	534716			284	AETLDESGGGLVSPGGSLTLVCKGSGYTFSSYDMEWVRQAPGKGLEFVAGISSGSYTNYAPAVKGRFTISRNDGQSTATLQMNSLKAEDTATYYC	GCCGAGACCTTGGATGAGTCCGGAGGGGGCCTCGTGAGTCCCGGGGGGTCCCTGACCCTGGTCTGCAAGGGCTCCGGATACACCTTTAGCAGCTACGACATGGAGTGGGTGCGACAGGCACCCGGGAAGGGGCTCGAGTTCGTCGCGGGTATTAGCAGTGGTAGTTACACAAACTACGCGCCGGCGGTGAAGGGACGCTTCACCATCTCCAGGAACGACGGGCAGAGCACGGCCACCCTGCAGATGAACAGCCTCAAGGCCGAAGACACCGCCACCTACTACTGC	ACAAGGATTTTGGCCACAGGACAGCTGTAGACAGCAAGAGGGTTTGTACCGTGCGGCTGAGCCCACCGCTCTCTGTCCTTCCTCCCCAGGGCTGCGGGCG
ptg000199l_13	False	533323	533249	533224	533174	533150	533036			287	AATLDESGGGLVSPGGSLTLVCKASGFTFGDYSMFWVPQAPGKGLEWVADISSDGSETYYPSEVQGRFTISRNNGQSTLTLQMNSLKAEDTATYYC	GCCGCCACCTTGGATGAGTCCGGAGGGGGCCTCGTGAGTCCCGGGGGGTCCCTGACCCTGGTCTGCAAGGCCTCCGGCTTCACCTTCGGCGACTACAGCATGTTCTGGGTGCCACAGGCACCTGGGAAGGGGCTCGAGTGGGTCGCAGATATTAGCTCTGATGGTAGTGAGACATACTACCCGTCGGAGGTGCAGGGACGCTTCACCATCTCCAGGAACAACGGGCAGAGCACGCTCACCCTGCAGATGAACAGCCTCAAGGCCGAAGACACCGCCACCTACTACTGC	TAGTCACTGAATGTGAAGCCAGAGGCCTTCCAGGCCAGGGTCAGGGACTACCCAGGCTGAGCCCACCGCTCTCTGTCCTTCCTCCCCAGGGCTGCGGGCG
ptg000199l_18	False	522040	521966	521941	521891	521869	521756			284	AETLDESGGGLVSPGGSLTLVCKGSGFDFSSYPMFWVRQAPGKGLEFVATIWSDGNTWYLPAVQGRFTISRDNRQSLLFLVMNDLKAEDTATYYC	GCCGAGACCTTGGATGAGTCCGGAGGGGGCCTCGTGAGTCCCGGGGGGTCCCTGACCCTGGTCTGCAAGGGCTCCGGCTTTGACTTCAGCAGCTACCCCATGTTTTGGGTGCGACAGGCACCCGGGAAGGGGCTCGAGTTCGTCGCTACTATTTGGAGTGATGGGAACACATGGTACTTGCCGGCGGTGCAGGGACGCTTCACCATCTCCAGGGACAACAGGCAGAGCCTGCTCTTCCTAGTGATGAATGACCTCAAGGCCGAAGACACCGCCACCTACTACTGT	TAACTGCTGAAGGTGTATCCGGAGCCCTTGCAGACCCGGGTCAGGGACCCCTCAGGCTGAGCCCACCGCTCTCTGTCCTTCCTCCCCAGGGCTGCGGGCG
ptg000199l_19	False	520688	520614	520589	520539	520515	520401			287	AETLDESGGGLVSPGGSLTLVCKGSGFTFSSYNMGWMRQAPGKVLEFVASISTDGSTTRYAPAVEGRFTISRNNRQSTLTLQMNSLKAEDTATYYC	GCCGAGACCTTGGATGAGTCCGGAGGGGGCCTCGTGAGTCCCGGGGGGTCCCTGACCCTGGTCTGCAAGGGCTCCGGCTTCACCTTCAGCAGCTACAACATGGGATGGATGCGACAGGCACCCGGGAAGGTGCTCGAGTTCGTCGCGAGTATTAGCACCGATGGTAGTACCACAAGATACGCGCCGGCGGTGGAGGGACGCTTCACCATCTCCAGGAACAACAGGCAGAGCACGCTCACCCTGCAGATGAACAGCCTCAAGGCCGAAGACACCGCCACCTACTACTGC	TGGGTTAACCCTCCTTGGGTTATTTCACTGAATTGAGTTAATTCGTAATAAGTCAACGGAGCCCACCGCTCTCTGTCCTTCCTCCCCAGGGCTGCGGGCG
ptg000199l_20	False	519510	519436	519411	519361	519336	519223			287	AATLDESGGGLVSPGGSLTLVCKGSGFTFSSYNMNWVRQATGKGLEYVAAISTDGSYTVYAPAVKGRFTVSKNNGQSTATLQMNSLKAEDTATYYC	GCCGCCACCTTGGATGAGTCCGGAGGGGGCCTTGTGAGTCCCGGGGGGTCCCTGACCCTGGTCTGCAAGGGCTCCGGCTTCACCTTCAGCAGCTACAACATGAACTGGGTGCGACAGGCAACTGGGAAGGGGCTCGAATACGTCGCAGCTATTAGCACTGATGGTAGTTACACAGTCTACGCGCCGGCGGTGAAGGGACGCTTCACCGTCTCCAAAAACAACGGGCAGAGCACGGCCACCCTGCAGATGAACAGCCTCAAGGCCGAAGACACCGCCACCTACTACTGC	GGAGGCTGCCGGCGGCCCCGGCTCCCCACGGCCGTGCGGGGGCCCGTGCCGTGCGGCTGAGCCCACCGCTCTCTGTCCTTCCTCCCCAGGGCTGCGGGCG
ptg000199l_21	False	517464	517390	517365	517315	517291	517177			287	AATLDESGGGLVSPGGSLTLVCKGSGFTFSSYGMGWMRQAPGKGLEEVAAINNDGSGTDYASAVKGRFTISRNNGQSTATLQMNSLKAEDTATYYC	GCCGCCACCTTGGATGAGTCCGGAGGGGGCCTCGTGAGTCCCGGGGGGTCCCTGACCCTGGTCTGCAAGGGCTCCGGCTTCACCTTCAGCAGCTACGGCATGGGATGGATGCGACAGGCACCTGGGAAGGGGCTCGAAGAGGTCGCAGCTATTAACAACGATGGTAGTGGCACAGACTACGCGTCGGCGGTGAAGGGACGCTTCACCATCTCCAGGAACAACGGGCAGAGCACGGCCACCCTGCAGATGAACAGCCTCAAGGCCGAAGACACCGCCACCTACTACTGC	GGAGGCTGCCGGCGGCCCCGGCTCCCCACGGCCGTGCGGGGGCCCGTGCCGTGCGGCTGAGCCCACCGCTCTCTGTCCTTCCTCCCCAGGGCTGCGGGCG
ptg000199l_22	False	516578	516549	516524	516474	516449	516336			242	GSLTQVCKGSGYTFSSYYMWWVRQAPGKGLEYVAEISSSGGSTAYAPAVKGRFTISRNNGQSTATLQMNSLKAEDTATYYC	GGGTCCCTGACCCAGGTCTGCAAGGGCTCCGGATACACCTTCAGCAGCTACTACATGTGGTGGGTGCGACAGGCACCCGGGAAGGGGCTCGAGTATGTCGCAGAAATTAGCAGCAGTGGTGGTAGCACAGCCTACGCGCCGGCGGTGAAGGGACGCTTCACCATCTCCAGGAACAACGGGCAGAGCACGGCCACCCTGCAGATGAACAGCCTCAAGGCCGAAGACACCGCCACCTACTACTGC	GACCCCCCGGGACTCACGAGGCCCCCTCCGGACTCATCCAAGGTGGCGGCCGCCCGCAGCCCTGGGGAGGAAGGACAGAGAGCGGTGGGCTCAGCCTGAG
ptg000199l_23	False	515792	515760	515237	515187	515661	515547			245	GGSLTLVCKGSGFTFSSYWMYWVRQAPGKGLEYVAQINPDGSSTYYAPAVKGRFTISRNNGQSTATLQMNSLKAEDTATYYC	GGGGGGTCCCTGACCCTGGTCTGCAAGGGCTCCGGCTTCACCTTCAGCAGCTACTGGATGTATTGGGTGCGACAGGCACCAGGGAAGGGGCTCGAATATGTCGCACAAATTAACCCTGATGGTAGTAGCACATACTACGCGCCGGCGGTGAAGGGACGCTTCACCATCTCCAGGAACAACGGGCAGAGCACGGCCACCCTGCAGATGAACAGCCTCAAGGCCGAAGACACCGCCACCTACTACTGC	AGGGACCCCCCGGGACTCACGAGGCCCCCTCCGGACTCATCCAACATCAAGGCCGCCCGCAGCCCTGGGGAGGAAGGACAGAGAGCGGTGGGCTCAGCCT
ptg000199l_24	False	514521	514447	514422	514372	514351	514237			284	AETLDESGGGRVSPGGSLTLVCKGSGFTFSSYNMGWMRQAPGKGLEYVAAINTDGTTYYASAVKGRFTISRNNGQSTATLQMNSLKAEDTATYYC	GCCGAGACCTTGGATGAGTCCGGAGGGGGCCGCGTGAGTCCCGGGGGGTCCCTGACCCTGGTCTGCAAGGGCTCCGGCTTCACCTTCAGCAGCTACAACATGGGATGGATGCGACAGGCACCTGGGAAGGGGCTCGAATACGTTGCAGCTATTAACACTGATGGTACCACATACTACGCGTCGGCGGTGAAGGGACGCTTCACCATCTCCAGGAACAACGGGCAGAGCACGGCCACCCTGCAGATGAACAGCCTCAAGGCCGAAGACACCGCCACCTACTACTGC	TGCTGAAGGTGAAGCCGGAGCCCTTGCAGACCAGGGTCAGGGTCCCCCCGGGACTCACGAGCCCACCGCTCTCTGTCCTTCCTCCCTAGGGCTGCGGGCG
ptg000199l_25	False	513726	513700	513675	513625	513601	513487			239	SLTLVCKGSGFTFSSYTMQWVRQAPGKGPEWVASISSDGSTTRYAPAVKGRFTISRNDGQSTLTLQMNSLKAEDTATYYC	TCCCTGACCCTGGTCTGCAAGGGCTCCGGCTTCACCTTCAGCAGCTACACCATGCAGTGGGTGCGACAGGCACCTGGGAAGGGGCCCGAGTGGGTCGCGAGTATTAGCAGCGATGGTAGTACCACAAGATACGCGCCGGCGGTGAAGGGACGCTTCACCATCTCCAGGAACGACGGGCAGAGCACGCTCACCCTGCAGATGAACAGCCTCAAGGCCGAAGACACCGCCACCTACTACTGC	CCCCCGGGACTCACGAGGCCCCCTCCGGACTCATCCAAGGTCTCGGCCGCCCGCAGCCCTGGGGAGGAAGGACAGAGAGCGGTGGGCTCAGCCTGGGTAG
ptg000199l_27	False	507232	507158	507133	507083	507059	506945	499708	499676	287	AATLDESGGGLVSPGGSLTLVCKGSGYTFSSYGMGWVRQAPGKGLEYVASINSSGSSTYYAPAVKGRFTISRNNGQSTLTLQMNSLKAEDTATYYC	GCTGCCACCTTGGATGAGTCCGGAGGGGGCCTCGTGAGTCCCGGGGGGTCCCTGACCCTGGTCTGCAAGGGCTCCGGATACACCTTCAGCAGCTACGGCATGGGATGGGTGCGACAGGCACCCGGGAAGGGGCTCGAGTACGTCGCGAGTATTAACAGCAGTGGTAGTAGCACTTACTACGCGCCGGCGGTGAAGGGACGCTTCACCATCTCCAGGAACAACGGGCAGAGCACGCTCACCCTGCAGATGAACAGCCTCAAGGCCGAAGACACCGCCACCTACTACTGC	GGAGGCTGCCGGCGGCCCCGGCTCCCCACGGCCGTGCGGGGGCCCGTGCCGTGCGGCTGAGCCCACCGCTCTCTGTCCTTCCTCCCCAGGGCTGCGGGCG
ptg000189l_1	True	495876	495950	495975	496025	496050	496163			287	AATLDESGGGLVSPGGSLTLVCKGSGFTFSSYSMGWIRQAPGKGLEWVATIYSSGSSPWYASAVKGRFTISRNNGQSTVTLQMNSLKAEDTATYYC	GCCGCCACCTTGGATGAGTCCGGAGGGGGCCTCGTGAGTCCCGGGGGGTCCCTGACCCTGGTCTGCAAGGGCTCCGGCTTCACCTTCAGCAGCTACAGCATGGGTTGGATCCGGCAGGCACCTGGGAAGGGGCTCGAGTGGGTCGCGACTATTTACAGCAGTGGTAGTAGCCCATGGTACGCGTCAGCGGTGAAGGGACGCTTCACCATCTCCAGGAACAACGGGCAGAGCACGGTCACCCTGCAGATGAACAGCCTCAAGGCCGAAGACACCGCCACCTACTACTGC	GCGAAAGATGCTGGTAGTTATGGTTGTGGTACTCCTGGCTGAATTGATTGTGCTGTTGGTGCTGGAGCTGCTGGTGACACTGGTTGTGGTACTGGTCATG
ptg000189l_3	True	498988	499062	499087	499137	499161	499275			287	AETLDESGGGLVSPGGSLTLVCKGSGFTFSSYGMNWVRQAPGKALEFVAGIDNSGSYTEYAPAVQGRFTISRNNGQSTATLQMNSLKAKDTGTYYC	GCCGAGACCTTGGATGAGTCCGGAGGGGGCCTGGTGAGTCCCGGGGGGTCCCTGACCCTGGTCTGCAAGGGCTCCGGCTTCACCTTCAGCAGCTACGGCATGAACTGGGTGCGACAGGCACCCGGGAAGGCGCTCGAGTTTGTCGCGGGTATTGACAACAGTGGTAGTTACACAGAGTACGCGCCGGCGGTGCAGGGACGCTTCACCATCTCCAGGAACAACGGGCAGAGCACGGCCACCCTGCAGATGAACAGCCTCAAGGCCAAAGACACCGGCACCTACTACTGC	GCGAAAGACTATCGTAGTGTTCAGGCTCTTGATGGTGCTGGTGGTGGTGCTGACAGTGTTGATGTTCCCATGTTGATGTTGGTGCTCTTTATAATGATGT
ptg000189l_8	True	511398	511472	511497	511547	511571	511685			287	AETLDESGGGLVSPGGSLTLVCKGSGYTFSSYGMYWVRQAPGKGLEYVGSIHSSGSGTDYASAVQGRFTISRNNGQSTATLQMNSLKAEDTATYYC	GCCGAGACCTTGGATGAGTCCGGAGGGGGCCTCGTGAGTCCCGGGGGGTCCTTGACCCTGGTCTGCAAGGGCTCCGGATACACCTTCAGCAGCTACGGCATGTATTGGGTGCGACAGGCACCCGGGAAGGGGCTCGAATATGTCGGGAGTATTCACAGCAGTGGTAGTGGCACAGACTACGCGTCGGCGGTGCAGGGACGCTTCACCATCTCCAGGAACAACGGGCAGAGCACGGCCACCCTGCAGATGAACAGCCTCAAGGCCGAAGACACCGCCACCTACTACTGC	GCGAAAAGTGCTTACGGTGATTGTGGTGATTCTAATGAAATTGATGCTGCTCCTGGTGCTGCTGGTGATATTTGTTCTGGTTCTGGTCCTGATAATCGTA
ptg000189l_9	True	513315	513389	513414	513464	513489	513602			287	AATLDESGGGLVSPGGSLTLVCKASGFTFSSNYMYWVRQAPRKGLEFVAYISSSGSYTNYAPAVKGRFTISRNNGQSTATLQMNSLKAEDTATYYC	GCCGCCACCTTGGATGAGTCCGGAGGGGGCCTCGTGAGTCCCGGGGGGTCCCTGACCCTGGTCTGCAAGGCCTCCGGCTTCACCTTCAGCAGCAACTACATGTATTGGGTGCGACAGGCACCTCGGAAGGGGCTTGAATTCGTCGCGTATATTAGCAGCAGTGGTAGTTACACAAACTACGCGCCGGCGGTGAAGGGACGCTTCACCATCTCCAGGAACAACGGGCAGAGCACGGCCACCCTGCAGATGAACAGCCTCAAGGCTGAAGACACCGCCACCTACTACTGC	GCAAGAGGTGGTGGTGCTATTAATGGTGCTGGTGAGATTGCTGATGCTACTGGTTATGGTGGTTGTGGTGCTGGTCGTGCTGATGGTGTTGGTGATGGTC
ptg000189l_10	True	515038	515112	515137	515188	515211	515325			287	AETLDESGGGLVSPGGSLTLVCKASGFTFSSYNMEWVRQAPGKGFEFVAQINPGGSYTGYASAVKGRFTISRNNGQSTVTLQMNSLKAEDTATYYC	GCCGAGACCTTGGATGAGTCCGGAGGGGGCCTCGTGAGTCCCGGGGGGTCCCTGACCCTGGTCTGCAAGGCCTCCGGCTTCACCTTCAGCAGCTACAACATGGAGTGGGTGCGACAGGCACCTGGGAAGGGGTTTGAGTTCGTCGCACAAATTAACCCTGGTGGTAGTTACACAGGCTACGCGTCGGCGGTGAAGGGACGCTTCACCATCTCCAGGAACAACGGGCAGAGTACGGTCACCCTGCAGATGAACAGCCTCAAGGCCGAAGACACCGCCACCTACTACTGC	GCCAGAGCTACTGGTAGTCGTGGTCAGGCTCTTGACGGTGCTGGTGGTGGTGTTGACAGTATTGGTACTCTTCCTGATGATGACCATGGTGGCGTTGGTG
ptg000189l_11	True	517115	517189	517214	517264	517288	517402			287	AETLDESGGGRVSPGGSLTLVCKGSGYTFSDYGMRWVRQAPGKGLEDIAAISKDGSWTGYASAVKGRFTISRNNGQSTATLQMNSLKAEDTATYYC	GCCGAGACCTTGGATGAGTCCGGAGGGGGTCGAGTGAGTCCCGGGGGGTCCCTGACCCTGGTCTGCAAGGGCTCCGGATACACCTTCAGTGACTACGGCATGAGATGGGTGCGACAGGCACCCGGGAAGGGGCTCGAAGATATCGCAGCTATTAGTAAGGATGGTAGTTGGACAGGCTACGCGTCGGCGGTGAAGGGACGCTTCACCATCTCCAGGAACAACGGGCAGAGCACGGCCACCCTGCAGATGAACAGCCTCAAGGCCGAAGACACCGCCACCTACTACTGC	GCGAAATATGCTTACAGTGGTGCTGGTAGTGGTGCTGCTGAGATTGCTGATGCTGGTGGTTATGGTGGTTGTGGTGCTGGTCGTGCTGATGGTGTTGGTG
ptg000189l_16	True	527874	527948	528771	528821	528048	528161			287	ALMLDESGGGLVSPGGSLTLVCKGSGFTFSYYDMFWVRQAPGKALEFVAGITSSGSYTVYAPAVKGRFTISKNDGQSTATLQMNSLKAEDTATYYC	GCCTTGATGTTGGATGAGTCCGGAGGGGGCCTCGTGAGTCCCGGGGGGTCCCTGACCCTGGTCTGCAAGGGCTCCGGCTTCACCTTCAGCTACTACGACATGTTTTGGGTGCGACAGGCACCTGGGAAGGCGCTCGAGTTCGTCGCGGGTATTACCAGTAGTGGTAGTTACACAGTCTACGCGCCGGCGGTGAAGGGACGCTTCACCATCTCCAAGAACGACGGGCAGAGCACGGCCACCCTGCAGATGAACAGCCTCAAGGCCGAAGACACCGCCACCTACTACTGC	GCGAAAGGTTATGGTGCTGGTTGGAGTGGTGGTAGTGCTGGTGGTGTTGATGGCTGACAGTATTAGCATCACCAGCGCCGTCATAAACATCACAAAGCCC
ptg000189l_17	True	534125	534199	534224	534274	534299	534412	541896	541928	287	AATLDESGGGLVSPGGSLTLVCKGSGYTFSSYGMGWVRQAPGKGLEYVASINSSGSSTYYAPAVKGRFTISRNNGQSTLTLQMNSLKAEDTATYYC	GCTGCCACCTTGGATGAGTCCGGAGGGGGCCTCGTGAGTCCCGGGGGGTCCCTGACCCTGGTCTGCAAGGGCTCCGGATACACCTTCAGCAGCTACGGCATGGGATGGGTGCGACAGGCACCCGGGAAGGGGCTCGAGTACGTCGCGAGTATTAACAGCAGTGGTAGTAGCACTTACTACGCGCCGGCGGTGAAGGGACGCTTCACCATCTCCAGGAACAACGGGCAGAGCACGCTCACCCTGCAGATGAACAGCCTCAAGGCCGAAGACACCGCCACCTACTACTGC	GCGAAAGCTGCTGGTCACGGTGGCTCAGAGCCCGTGCGCGGCTGTCACAAAACCCAACGCGGTGATAAATCGCCCGAGCGTGCCCAGAACCTTGCACCGT
